{
  "problemType" : "MultiObjective",
  "maxWeight" : 1689,
  "minSpeed" : 0.1,
  "maxSpeed" : 1.0,
  "profitEvaluator" : {
    "type" : "EXPONTENTIAL",
    "droppingConstant" : 126.0,
    "droppingRate" : 0.95
  },
  "timeEvaluator" : {
    "type" : "STANDARD"
  },
  "cityType" : "XY_COORDINATES",
  "cities" : [
    [
      276.0,
      879.0
    ],
    [
      283.0,
      528.0
    ],
    [
      817.0,
      386.0
    ],
    [
      403.0,
      223.0
    ],
    [
      66.0,
      166.0
    ],
    [
      33.0,
      84.0
    ],
    [
      317.0,
      370.0
    ],
    [
      676.0,
      553.0
    ],
    [
      778.0,
      910.0
    ],
    [
      517.0,
      725.0
    ]
  ],
  "items" : [
    {
      "city" : 0,
      "weight" : 387.0,
      "value" : 13.0
    },
    {
      "city" : 1,
      "weight" : 38.0,
      "value" : 924.0
    },
    {
      "city" : 2,
      "weight" : 53.0,
      "value" : 682.0
    },
    {
      "city" : 3,
      "weight" : 262.0,
      "value" : 718.0
    },
    {
      "city" : 4,
      "weight" : 291.0,
      "value" : 169.0
    },
    {
      "city" : 5,
      "weight" : 201.0,
      "value" : 18.0
    },
    {
      "city" : 6,
      "weight" : 450.0,
      "value" : 789.0
    },
    {
      "city" : 7,
      "weight" : 875.0,
      "value" : 225.0
    },
    {
      "city" : 8,
      "weight" : 525.0,
      "value" : 135.0
    },
    {
      "city" : 9,
      "weight" : 296.0,
      "value" : 927.0
    }
  ]
}