{
  "problemType" : "MultiObjective",
  "maxWeight" : 9738,
  "minSpeed" : 0.1,
  "maxSpeed" : 1.0,
  "profitEvaluator" : {
    "type" : "EXPONTENTIAL",
    "droppingConstant" : 126.0,
    "droppingRate" : 0.95
  },
  "timeEvaluator" : {
    "type" : "STANDARD"
  },
  "cityType" : "XY_COORDINATES",
  "cities" : [
    [
      276.0,
      879.0
    ],
    [
      283.0,
      528.0
    ],
    [
      817.0,
      386.0
    ],
    [
      403.0,
      223.0
    ],
    [
      66.0,
      166.0
    ],
    [
      33.0,
      84.0
    ],
    [
      317.0,
      370.0
    ],
    [
      676.0,
      553.0
    ],
    [
      778.0,
      910.0
    ],
    [
      517.0,
      725.0
    ]
  ],
  "items" : [
    {
      "city" : 0,
      "weight" : 387.0,
      "value" : 13.0
    },
    {
      "city" : 0,
      "weight" : 137.0,
      "value" : 413.0
    },
    {
      "city" : 0,
      "weight" : 461.0,
      "value" : 456.0
    },
    {
      "city" : 0,
      "weight" : 26.0,
      "value" : 620.0
    },
    {
      "city" : 0,
      "weight" : 919.0,
      "value" : 790.0
    },
    {
      "city" : 0,
      "weight" : 802.0,
      "value" : 85.0
    },
    {
      "city" : 0,
      "weight" : 833.0,
      "value" : 464.0
    },
    {
      "city" : 0,
      "weight" : 54.0,
      "value" : 185.0
    },
    {
      "city" : 0,
      "weight" : 471.0,
      "value" : 441.0
    },
    {
      "city" : 0,
      "weight" : 230.0,
      "value" : 147.0
    },
    {
      "city" : 1,
      "weight" : 38.0,
      "value" : 924.0
    },
    {
      "city" : 1,
      "weight" : 679.0,
      "value" : 659.0
    },
    {
      "city" : 1,
      "weight" : 917.0,
      "value" : 373.0
    },
    {
      "city" : 1,
      "weight" : 943.0,
      "value" : 907.0
    },
    {
      "city" : 1,
      "weight" : 188.0,
      "value" : 689.0
    },
    {
      "city" : 1,
      "weight" : 145.0,
      "value" : 621.0
    },
    {
      "city" : 1,
      "weight" : 141.0,
      "value" : 247.0
    },
    {
      "city" : 1,
      "weight" : 148.0,
      "value" : 552.0
    },
    {
      "city" : 1,
      "weight" : 582.0,
      "value" : 135.0
    },
    {
      "city" : 1,
      "weight" : 196.0,
      "value" : 21.0
    },
    {
      "city" : 2,
      "weight" : 53.0,
      "value" : 682.0
    },
    {
      "city" : 2,
      "weight" : 860.0,
      "value" : 385.0
    },
    {
      "city" : 2,
      "weight" : 990.0,
      "value" : 341.0
    },
    {
      "city" : 2,
      "weight" : 958.0,
      "value" : 921.0
    },
    {
      "city" : 2,
      "weight" : 228.0,
      "value" : 401.0
    },
    {
      "city" : 2,
      "weight" : 459.0,
      "value" : 139.0
    },
    {
      "city" : 2,
      "weight" : 775.0,
      "value" : 450.0
    },
    {
      "city" : 2,
      "weight" : 466.0,
      "value" : 156.0
    },
    {
      "city" : 2,
      "weight" : 371.0,
      "value" : 170.0
    },
    {
      "city" : 2,
      "weight" : 588.0,
      "value" : 54.0
    },
    {
      "city" : 3,
      "weight" : 262.0,
      "value" : 718.0
    },
    {
      "city" : 3,
      "weight" : 282.0,
      "value" : 972.0
    },
    {
      "city" : 3,
      "weight" : 540.0,
      "value" : 152.0
    },
    {
      "city" : 3,
      "weight" : 698.0,
      "value" : 699.0
    },
    {
      "city" : 3,
      "weight" : 544.0,
      "value" : 886.0
    },
    {
      "city" : 3,
      "weight" : 302.0,
      "value" : 403.0
    },
    {
      "city" : 3,
      "weight" : 886.0,
      "value" : 780.0
    },
    {
      "city" : 3,
      "weight" : 449.0,
      "value" : 736.0
    },
    {
      "city" : 3,
      "weight" : 93.0,
      "value" : 437.0
    },
    {
      "city" : 3,
      "weight" : 725.0,
      "value" : 175.0
    },
    {
      "city" : 4,
      "weight" : 291.0,
      "value" : 169.0
    },
    {
      "city" : 4,
      "weight" : 667.0,
      "value" : 525.0
    },
    {
      "city" : 4,
      "weight" : 520.0,
      "value" : 400.0
    },
    {
      "city" : 4,
      "weight" : 662.0,
      "value" : 509.0
    },
    {
      "city" : 4,
      "weight" : 268.0,
      "value" : 78.0
    },
    {
      "city" : 4,
      "weight" : 81.0,
      "value" : 831.0
    },
    {
      "city" : 4,
      "weight" : 161.0,
      "value" : 293.0
    },
    {
      "city" : 4,
      "weight" : 194.0,
      "value" : 229.0
    },
    {
      "city" : 4,
      "weight" : 933.0,
      "value" : 713.0
    },
    {
      "city" : 4,
      "weight" : 955.0,
      "value" : 414.0
    },
    {
      "city" : 5,
      "weight" : 201.0,
      "value" : 18.0
    },
    {
      "city" : 5,
      "weight" : 385.0,
      "value" : 542.0
    },
    {
      "city" : 5,
      "weight" : 264.0,
      "value" : 658.0
    },
    {
      "city" : 5,
      "weight" : 66.0,
      "value" : 820.0
    },
    {
      "city" : 5,
      "weight" : 405.0,
      "value" : 395.0
    },
    {
      "city" : 5,
      "weight" : 741.0,
      "value" : 559.0
    },
    {
      "city" : 5,
      "weight" : 856.0,
      "value" : 885.0
    },
    {
      "city" : 5,
      "weight" : 509.0,
      "value" : 72.0
    },
    {
      "city" : 5,
      "weight" : 157.0,
      "value" : 593.0
    },
    {
      "city" : 5,
      "weight" : 302.0,
      "value" : 535.0
    },
    {
      "city" : 6,
      "weight" : 450.0,
      "value" : 789.0
    },
    {
      "city" : 6,
      "weight" : 391.0,
      "value" : 698.0
    },
    {
      "city" : 6,
      "weight" : 163.0,
      "value" : 67.0
    },
    {
      "city" : 6,
      "weight" : 94.0,
      "value" : 922.0
    },
    {
      "city" : 6,
      "weight" : 733.0,
      "value" : 789.0
    },
    {
      "city" : 6,
      "weight" : 742.0,
      "value" : 875.0
    },
    {
      "city" : 6,
      "weight" : 946.0,
      "value" : 994.0
    },
    {
      "city" : 6,
      "weight" : 600.0,
      "value" : 279.0
    },
    {
      "city" : 6,
      "weight" : 466.0,
      "value" : 718.0
    },
    {
      "city" : 6,
      "weight" : 702.0,
      "value" : 224.0
    },
    {
      "city" : 7,
      "weight" : 875.0,
      "value" : 225.0
    },
    {
      "city" : 7,
      "weight" : 714.0,
      "value" : 434.0
    },
    {
      "city" : 7,
      "weight" : 146.0,
      "value" : 202.0
    },
    {
      "city" : 7,
      "weight" : 312.0,
      "value" : 596.0
    },
    {
      "city" : 7,
      "weight" : 437.0,
      "value" : 862.0
    },
    {
      "city" : 7,
      "weight" : 784.0,
      "value" : 42.0
    },
    {
      "city" : 7,
      "weight" : 368.0,
      "value" : 201.0
    },
    {
      "city" : 7,
      "weight" : 822.0,
      "value" : 82.0
    },
    {
      "city" : 7,
      "weight" : 661.0,
      "value" : 617.0
    },
    {
      "city" : 7,
      "weight" : 183.0,
      "value" : 315.0
    },
    {
      "city" : 8,
      "weight" : 525.0,
      "value" : 135.0
    },
    {
      "city" : 8,
      "weight" : 851.0,
      "value" : 672.0
    },
    {
      "city" : 8,
      "weight" : 380.0,
      "value" : 405.0
    },
    {
      "city" : 8,
      "weight" : 765.0,
      "value" : 148.0
    },
    {
      "city" : 8,
      "weight" : 963.0,
      "value" : 846.0
    },
    {
      "city" : 8,
      "weight" : 175.0,
      "value" : 99.0
    },
    {
      "city" : 8,
      "weight" : 758.0,
      "value" : 967.0
    },
    {
      "city" : 8,
      "weight" : 421.0,
      "value" : 577.0
    },
    {
      "city" : 8,
      "weight" : 558.0,
      "value" : 741.0
    },
    {
      "city" : 8,
      "weight" : 825.0,
      "value" : 49.0
    },
    {
      "city" : 9,
      "weight" : 296.0,
      "value" : 927.0
    },
    {
      "city" : 9,
      "weight" : 8.0,
      "value" : 723.0
    },
    {
      "city" : 9,
      "weight" : 611.0,
      "value" : 536.0
    },
    {
      "city" : 9,
      "weight" : 980.0,
      "value" : 27.0
    },
    {
      "city" : 9,
      "weight" : 367.0,
      "value" : 546.0
    },
    {
      "city" : 9,
      "weight" : 213.0,
      "value" : 548.0
    },
    {
      "city" : 9,
      "weight" : 420.0,
      "value" : 734.0
    },
    {
      "city" : 9,
      "weight" : 240.0,
      "value" : 336.0
    },
    {
      "city" : 9,
      "weight" : 498.0,
      "value" : 238.0
    },
    {
      "city" : 9,
      "weight" : 803.0,
      "value" : 852.0
    }
  ]
}