{
  "problemType" : "MultiObjective",
  "maxWeight" : 4924,
  "minSpeed" : 0.1,
  "maxSpeed" : 1.0,
  "profitEvaluator" : {
    "type" : "EXPONTENTIAL",
    "droppingConstant" : 184.0,
    "droppingRate" : 0.95
  },
  "timeEvaluator" : {
    "type" : "STANDARD"
  },
  "cityType" : "XY_COORDINATES",
  "cities" : [
    [
      17.0,
      935.0
    ],
    [
      139.0,
      999.0
    ],
    [
      329.0,
      825.0
    ],
    [
      839.0,
      490.0
    ],
    [
      926.0,
      440.0
    ],
    [
      296.0,
      467.0
    ],
    [
      611.0,
      180.0
    ],
    [
      628.0,
      349.0
    ],
    [
      276.0,
      325.0
    ],
    [
      121.0,
      325.0
    ],
    [
      498.0,
      590.0
    ],
    [
      59.0,
      232.0
    ],
    [
      854.0,
      163.0
    ],
    [
      316.0,
      242.0
    ],
    [
      109.0,
      32.0
    ],
    [
      171.0,
      372.0
    ],
    [
      33.0,
      679.0
    ],
    [
      763.0,
      937.0
    ],
    [
      192.0,
      749.0
    ],
    [
      899.0,
      837.0
    ]
  ],
  "items" : [
    {
      "city" : 0,
      "weight" : 210.0,
      "value" : 788.0
    },
    {
      "city" : 1,
      "weight" : 345.0,
      "value" : 397.0
    },
    {
      "city" : 2,
      "weight" : 983.0,
      "value" : 641.0
    },
    {
      "city" : 3,
      "weight" : 941.0,
      "value" : 571.0
    },
    {
      "city" : 4,
      "weight" : 323.0,
      "value" : 103.0
    },
    {
      "city" : 5,
      "weight" : 390.0,
      "value" : 352.0
    },
    {
      "city" : 6,
      "weight" : 74.0,
      "value" : 102.0
    },
    {
      "city" : 7,
      "weight" : 775.0,
      "value" : 986.0
    },
    {
      "city" : 8,
      "weight" : 725.0,
      "value" : 574.0
    },
    {
      "city" : 9,
      "weight" : 192.0,
      "value" : 272.0
    },
    {
      "city" : 10,
      "weight" : 74.0,
      "value" : 237.0
    },
    {
      "city" : 11,
      "weight" : 159.0,
      "value" : 358.0
    },
    {
      "city" : 12,
      "weight" : 728.0,
      "value" : 503.0
    },
    {
      "city" : 13,
      "weight" : 846.0,
      "value" : 262.0
    },
    {
      "city" : 14,
      "weight" : 77.0,
      "value" : 776.0
    },
    {
      "city" : 15,
      "weight" : 772.0,
      "value" : 496.0
    },
    {
      "city" : 16,
      "weight" : 687.0,
      "value" : 957.0
    },
    {
      "city" : 17,
      "weight" : 731.0,
      "value" : 88.0
    },
    {
      "city" : 18,
      "weight" : 387.0,
      "value" : 273.0
    },
    {
      "city" : 19,
      "weight" : 430.0,
      "value" : 837.0
    }
  ]
}