{
  "problemType" : "SingleObjective",
  "maxWeight" : 99329,
  "R" : 23.498,
  "minSpeed" : 0.1,
  "maxSpeed" : 1.0,
  "profitEvaluator" : {
    "type" : "NO_DROPPING"
  },
  "timeEvaluator" : {
    "type" : "STANDARD"
  },
  "cityType" : "XY_COORDINATES",
  "cities" : [
    [
      937.0,
      738.0
    ],
    [
      811.0,
      530.0
    ],
    [
      719.0,
      984.0
    ],
    [
      975.0,
      327.0
    ],
    [
      859.0,
      688.0
    ],
    [
      48.0,
      830.0
    ],
    [
      907.0,
      10.0
    ],
    [
      544.0,
      14.0
    ],
    [
      558.0,
      647.0
    ],
    [
      307.0,
      369.0
    ],
    [
      983.0,
      352.0
    ],
    [
      893.0,
      880.0
    ],
    [
      313.0,
      422.0
    ],
    [
      622.0,
      516.0
    ],
    [
      588.0,
      977.0
    ],
    [
      906.0,
      554.0
    ],
    [
      974.0,
      135.0
    ],
    [
      990.0,
      274.0
    ],
    [
      358.0,
      732.0
    ],
    [
      493.0,
      20.0
    ],
    [
      729.0,
      832.0
    ],
    [
      352.0,
      816.0
    ],
    [
      327.0,
      778.0
    ],
    [
      540.0,
      433.0
    ],
    [
      95.0,
      663.0
    ],
    [
      820.0,
      76.0
    ],
    [
      879.0,
      990.0
    ],
    [
      399.0,
      283.0
    ],
    [
      536.0,
      995.0
    ],
    [
      869.0,
      0.0
    ],
    [
      502.0,
      406.0
    ],
    [
      44.0,
      264.0
    ],
    [
      822.0,
      855.0
    ],
    [
      631.0,
      767.0
    ],
    [
      504.0,
      33.0
    ],
    [
      101.0,
      561.0
    ],
    [
      987.0,
      312.0
    ],
    [
      407.0,
      844.0
    ],
    [
      39.0,
      312.0
    ],
    [
      99.0,
      0.0
    ],
    [
      654.0,
      131.0
    ],
    [
      694.0,
      383.0
    ],
    [
      748.0,
      567.0
    ],
    [
      423.0,
      735.0
    ],
    [
      334.0,
      738.0
    ],
    [
      942.0,
      561.0
    ],
    [
      103.0,
      130.0
    ],
    [
      563.0,
      741.0
    ],
    [
      477.0,
      326.0
    ],
    [
      26.0,
      28.0
    ],
    [
      449.0,
      226.0
    ],
    [
      388.0,
      977.0
    ],
    [
      997.0,
      947.0
    ],
    [
      18.0,
      949.0
    ],
    [
      193.0,
      456.0
    ],
    [
      106.0,
      751.0
    ],
    [
      358.0,
      480.0
    ],
    [
      908.0,
      812.0
    ],
    [
      371.0,
      526.0
    ],
    [
      654.0,
      208.0
    ],
    [
      462.0,
      246.0
    ],
    [
      876.0,
      953.0
    ],
    [
      946.0,
      923.0
    ],
    [
      795.0,
      419.0
    ],
    [
      558.0,
      494.0
    ],
    [
      828.0,
      398.0
    ],
    [
      999.0,
      853.0
    ],
    [
      646.0,
      625.0
    ],
    [
      108.0,
      142.0
    ],
    [
      772.0,
      401.0
    ],
    [
      846.0,
      862.0
    ],
    [
      710.0,
      610.0
    ],
    [
      243.0,
      26.0
    ],
    [
      659.0,
      880.0
    ],
    [
      448.0,
      649.0
    ],
    [
      971.0,
      66.0
    ],
    [
      651.0,
      188.0
    ],
    [
      435.0,
      772.0
    ],
    [
      979.0,
      723.0
    ],
    [
      258.0,
      744.0
    ],
    [
      359.0,
      534.0
    ],
    [
      928.0,
      681.0
    ],
    [
      331.0,
      716.0
    ],
    [
      319.0,
      211.0
    ],
    [
      706.0,
      91.0
    ],
    [
      297.0,
      650.0
    ],
    [
      573.0,
      533.0
    ],
    [
      985.0,
      637.0
    ],
    [
      857.0,
      252.0
    ],
    [
      469.0,
      894.0
    ],
    [
      998.0,
      98.0
    ],
    [
      585.0,
      234.0
    ],
    [
      123.0,
      151.0
    ],
    [
      791.0,
      456.0
    ],
    [
      919.0,
      879.0
    ],
    [
      338.0,
      79.0
    ],
    [
      211.0,
      863.0
    ],
    [
      243.0,
      584.0
    ],
    [
      860.0,
      380.0
    ],
    [
      314.0,
      925.0
    ]
  ],
  "items" : [
    {
      "city" : 0,
      "weight" : 598.0,
      "value" : 674.0
    },
    {
      "city" : 0,
      "weight" : 43.0,
      "value" : 853.0
    },
    {
      "city" : 0,
      "weight" : 651.0,
      "value" : 327.0
    },
    {
      "city" : 0,
      "weight" : 534.0,
      "value" : 888.0
    },
    {
      "city" : 0,
      "weight" : 84.0,
      "value" : 827.0
    },
    {
      "city" : 0,
      "weight" : 985.0,
      "value" : 51.0
    },
    {
      "city" : 0,
      "weight" : 760.0,
      "value" : 23.0
    },
    {
      "city" : 0,
      "weight" : 505.0,
      "value" : 767.0
    },
    {
      "city" : 0,
      "weight" : 477.0,
      "value" : 732.0
    },
    {
      "city" : 0,
      "weight" : 790.0,
      "value" : 883.0
    },
    {
      "city" : 1,
      "weight" : 40.0,
      "value" : 453.0
    },
    {
      "city" : 1,
      "weight" : 457.0,
      "value" : 537.0
    },
    {
      "city" : 1,
      "weight" : 829.0,
      "value" : 935.0
    },
    {
      "city" : 1,
      "weight" : 281.0,
      "value" : 587.0
    },
    {
      "city" : 1,
      "weight" : 24.0,
      "value" : 166.0
    },
    {
      "city" : 1,
      "weight" : 628.0,
      "value" : 980.0
    },
    {
      "city" : 1,
      "weight" : 548.0,
      "value" : 368.0
    },
    {
      "city" : 1,
      "weight" : 596.0,
      "value" : 921.0
    },
    {
      "city" : 1,
      "weight" : 89.0,
      "value" : 808.0
    },
    {
      "city" : 1,
      "weight" : 700.0,
      "value" : 991.0
    },
    {
      "city" : 2,
      "weight" : 651.0,
      "value" : 583.0
    },
    {
      "city" : 2,
      "weight" : 417.0,
      "value" : 578.0
    },
    {
      "city" : 2,
      "weight" : 495.0,
      "value" : 784.0
    },
    {
      "city" : 2,
      "weight" : 825.0,
      "value" : 69.0
    },
    {
      "city" : 2,
      "weight" : 925.0,
      "value" : 649.0
    },
    {
      "city" : 2,
      "weight" : 274.0,
      "value" : 483.0
    },
    {
      "city" : 2,
      "weight" : 883.0,
      "value" : 162.0
    },
    {
      "city" : 2,
      "weight" : 939.0,
      "value" : 431.0
    },
    {
      "city" : 2,
      "weight" : 735.0,
      "value" : 164.0
    },
    {
      "city" : 2,
      "weight" : 105.0,
      "value" : 855.0
    },
    {
      "city" : 3,
      "weight" : 366.0,
      "value" : 291.0
    },
    {
      "city" : 3,
      "weight" : 994.0,
      "value" : 947.0
    },
    {
      "city" : 3,
      "weight" : 673.0,
      "value" : 516.0
    },
    {
      "city" : 3,
      "weight" : 274.0,
      "value" : 477.0
    },
    {
      "city" : 3,
      "weight" : 312.0,
      "value" : 336.0
    },
    {
      "city" : 3,
      "weight" : 488.0,
      "value" : 608.0
    },
    {
      "city" : 3,
      "weight" : 190.0,
      "value" : 827.0
    },
    {
      "city" : 3,
      "weight" : 109.0,
      "value" : 448.0
    },
    {
      "city" : 3,
      "weight" : 173.0,
      "value" : 9.0
    },
    {
      "city" : 3,
      "weight" : 60.0,
      "value" : 458.0
    },
    {
      "city" : 4,
      "weight" : 461.0,
      "value" : 961.0
    },
    {
      "city" : 4,
      "weight" : 953.0,
      "value" : 90.0
    },
    {
      "city" : 4,
      "weight" : 224.0,
      "value" : 821.0
    },
    {
      "city" : 4,
      "weight" : 923.0,
      "value" : 716.0
    },
    {
      "city" : 4,
      "weight" : 652.0,
      "value" : 123.0
    },
    {
      "city" : 4,
      "weight" : 97.0,
      "value" : 792.0
    },
    {
      "city" : 4,
      "weight" : 912.0,
      "value" : 947.0
    },
    {
      "city" : 4,
      "weight" : 426.0,
      "value" : 575.0
    },
    {
      "city" : 4,
      "weight" : 394.0,
      "value" : 566.0
    },
    {
      "city" : 4,
      "weight" : 301.0,
      "value" : 920.0
    },
    {
      "city" : 5,
      "weight" : 947.0,
      "value" : 32.0
    },
    {
      "city" : 5,
      "weight" : 169.0,
      "value" : 933.0
    },
    {
      "city" : 5,
      "weight" : 562.0,
      "value" : 631.0
    },
    {
      "city" : 5,
      "weight" : 716.0,
      "value" : 758.0
    },
    {
      "city" : 5,
      "weight" : 85.0,
      "value" : 295.0
    },
    {
      "city" : 5,
      "weight" : 521.0,
      "value" : 404.0
    },
    {
      "city" : 5,
      "weight" : 744.0,
      "value" : 749.0
    },
    {
      "city" : 5,
      "weight" : 626.0,
      "value" : 642.0
    },
    {
      "city" : 5,
      "weight" : 669.0,
      "value" : 190.0
    },
    {
      "city" : 5,
      "weight" : 483.0,
      "value" : 573.0
    },
    {
      "city" : 6,
      "weight" : 89.0,
      "value" : 27.0
    },
    {
      "city" : 6,
      "weight" : 463.0,
      "value" : 886.0
    },
    {
      "city" : 6,
      "weight" : 778.0,
      "value" : 713.0
    },
    {
      "city" : 6,
      "weight" : 990.0,
      "value" : 383.0
    },
    {
      "city" : 6,
      "weight" : 837.0,
      "value" : 837.0
    },
    {
      "city" : 6,
      "weight" : 991.0,
      "value" : 754.0
    },
    {
      "city" : 6,
      "weight" : 593.0,
      "value" : 527.0
    },
    {
      "city" : 6,
      "weight" : 249.0,
      "value" : 720.0
    },
    {
      "city" : 6,
      "weight" : 669.0,
      "value" : 985.0
    },
    {
      "city" : 6,
      "weight" : 433.0,
      "value" : 681.0
    },
    {
      "city" : 7,
      "weight" : 983.0,
      "value" : 93.0
    },
    {
      "city" : 7,
      "weight" : 6.0,
      "value" : 156.0
    },
    {
      "city" : 7,
      "weight" : 987.0,
      "value" : 706.0
    },
    {
      "city" : 7,
      "weight" : 153.0,
      "value" : 8.0
    },
    {
      "city" : 7,
      "weight" : 397.0,
      "value" : 234.0
    },
    {
      "city" : 7,
      "weight" : 789.0,
      "value" : 486.0
    },
    {
      "city" : 7,
      "weight" : 618.0,
      "value" : 586.0
    },
    {
      "city" : 7,
      "weight" : 637.0,
      "value" : 241.0
    },
    {
      "city" : 7,
      "weight" : 411.0,
      "value" : 277.0
    },
    {
      "city" : 7,
      "weight" : 810.0,
      "value" : 446.0
    },
    {
      "city" : 8,
      "weight" : 261.0,
      "value" : 915.0
    },
    {
      "city" : 8,
      "weight" : 612.0,
      "value" : 571.0
    },
    {
      "city" : 8,
      "weight" : 464.0,
      "value" : 618.0
    },
    {
      "city" : 8,
      "weight" : 458.0,
      "value" : 844.0
    },
    {
      "city" : 8,
      "weight" : 489.0,
      "value" : 6.0
    },
    {
      "city" : 8,
      "weight" : 690.0,
      "value" : 185.0
    },
    {
      "city" : 8,
      "weight" : 230.0,
      "value" : 334.0
    },
    {
      "city" : 8,
      "weight" : 753.0,
      "value" : 579.0
    },
    {
      "city" : 8,
      "weight" : 40.0,
      "value" : 492.0
    },
    {
      "city" : 8,
      "weight" : 776.0,
      "value" : 546.0
    },
    {
      "city" : 9,
      "weight" : 588.0,
      "value" : 717.0
    },
    {
      "city" : 9,
      "weight" : 527.0,
      "value" : 969.0
    },
    {
      "city" : 9,
      "weight" : 423.0,
      "value" : 824.0
    },
    {
      "city" : 9,
      "weight" : 931.0,
      "value" : 975.0
    },
    {
      "city" : 9,
      "weight" : 245.0,
      "value" : 74.0
    },
    {
      "city" : 9,
      "weight" : 657.0,
      "value" : 710.0
    },
    {
      "city" : 9,
      "weight" : 955.0,
      "value" : 134.0
    },
    {
      "city" : 9,
      "weight" : 490.0,
      "value" : 178.0
    },
    {
      "city" : 9,
      "weight" : 609.0,
      "value" : 944.0
    },
    {
      "city" : 9,
      "weight" : 930.0,
      "value" : 95.0
    },
    {
      "city" : 10,
      "weight" : 680.0,
      "value" : 651.0
    },
    {
      "city" : 10,
      "weight" : 142.0,
      "value" : 784.0
    },
    {
      "city" : 10,
      "weight" : 312.0,
      "value" : 148.0
    },
    {
      "city" : 10,
      "weight" : 244.0,
      "value" : 418.0
    },
    {
      "city" : 10,
      "weight" : 652.0,
      "value" : 977.0
    },
    {
      "city" : 10,
      "weight" : 444.0,
      "value" : 947.0
    },
    {
      "city" : 10,
      "weight" : 690.0,
      "value" : 371.0
    },
    {
      "city" : 10,
      "weight" : 118.0,
      "value" : 790.0
    },
    {
      "city" : 10,
      "weight" : 346.0,
      "value" : 595.0
    },
    {
      "city" : 10,
      "weight" : 401.0,
      "value" : 594.0
    },
    {
      "city" : 11,
      "weight" : 644.0,
      "value" : 576.0
    },
    {
      "city" : 11,
      "weight" : 169.0,
      "value" : 199.0
    },
    {
      "city" : 11,
      "weight" : 148.0,
      "value" : 285.0
    },
    {
      "city" : 11,
      "weight" : 753.0,
      "value" : 693.0
    },
    {
      "city" : 11,
      "weight" : 734.0,
      "value" : 453.0
    },
    {
      "city" : 11,
      "weight" : 476.0,
      "value" : 924.0
    },
    {
      "city" : 11,
      "weight" : 22.0,
      "value" : 884.0
    },
    {
      "city" : 11,
      "weight" : 135.0,
      "value" : 729.0
    },
    {
      "city" : 11,
      "weight" : 325.0,
      "value" : 512.0
    },
    {
      "city" : 11,
      "weight" : 26.0,
      "value" : 352.0
    },
    {
      "city" : 12,
      "weight" : 3.0,
      "value" : 395.0
    },
    {
      "city" : 12,
      "weight" : 715.0,
      "value" : 646.0
    },
    {
      "city" : 12,
      "weight" : 427.0,
      "value" : 206.0
    },
    {
      "city" : 12,
      "weight" : 335.0,
      "value" : 481.0
    },
    {
      "city" : 12,
      "weight" : 550.0,
      "value" : 15.0
    },
    {
      "city" : 12,
      "weight" : 201.0,
      "value" : 675.0
    },
    {
      "city" : 12,
      "weight" : 707.0,
      "value" : 184.0
    },
    {
      "city" : 12,
      "weight" : 785.0,
      "value" : 660.0
    },
    {
      "city" : 12,
      "weight" : 297.0,
      "value" : 712.0
    },
    {
      "city" : 12,
      "weight" : 420.0,
      "value" : 805.0
    },
    {
      "city" : 13,
      "weight" : 391.0,
      "value" : 809.0
    },
    {
      "city" : 13,
      "weight" : 777.0,
      "value" : 5.0
    },
    {
      "city" : 13,
      "weight" : 364.0,
      "value" : 926.0
    },
    {
      "city" : 13,
      "weight" : 634.0,
      "value" : 962.0
    },
    {
      "city" : 13,
      "weight" : 325.0,
      "value" : 894.0
    },
    {
      "city" : 13,
      "weight" : 371.0,
      "value" : 548.0
    },
    {
      "city" : 13,
      "weight" : 371.0,
      "value" : 925.0
    },
    {
      "city" : 13,
      "weight" : 839.0,
      "value" : 142.0
    },
    {
      "city" : 13,
      "weight" : 34.0,
      "value" : 279.0
    },
    {
      "city" : 13,
      "weight" : 528.0,
      "value" : 423.0
    },
    {
      "city" : 14,
      "weight" : 680.0,
      "value" : 51.0
    },
    {
      "city" : 14,
      "weight" : 242.0,
      "value" : 384.0
    },
    {
      "city" : 14,
      "weight" : 575.0,
      "value" : 921.0
    },
    {
      "city" : 14,
      "weight" : 201.0,
      "value" : 103.0
    },
    {
      "city" : 14,
      "weight" : 756.0,
      "value" : 762.0
    },
    {
      "city" : 14,
      "weight" : 573.0,
      "value" : 589.0
    },
    {
      "city" : 14,
      "weight" : 916.0,
      "value" : 118.0
    },
    {
      "city" : 14,
      "weight" : 571.0,
      "value" : 171.0
    },
    {
      "city" : 14,
      "weight" : 255.0,
      "value" : 333.0
    },
    {
      "city" : 14,
      "weight" : 532.0,
      "value" : 104.0
    },
    {
      "city" : 15,
      "weight" : 244.0,
      "value" : 421.0
    },
    {
      "city" : 15,
      "weight" : 504.0,
      "value" : 934.0
    },
    {
      "city" : 15,
      "weight" : 810.0,
      "value" : 128.0
    },
    {
      "city" : 15,
      "weight" : 641.0,
      "value" : 960.0
    },
    {
      "city" : 15,
      "weight" : 685.0,
      "value" : 366.0
    },
    {
      "city" : 15,
      "weight" : 305.0,
      "value" : 236.0
    },
    {
      "city" : 15,
      "weight" : 232.0,
      "value" : 405.0
    },
    {
      "city" : 15,
      "weight" : 10.0,
      "value" : 70.0
    },
    {
      "city" : 15,
      "weight" : 143.0,
      "value" : 743.0
    },
    {
      "city" : 15,
      "weight" : 504.0,
      "value" : 58.0
    },
    {
      "city" : 16,
      "weight" : 117.0,
      "value" : 382.0
    },
    {
      "city" : 16,
      "weight" : 654.0,
      "value" : 729.0
    },
    {
      "city" : 16,
      "weight" : 531.0,
      "value" : 153.0
    },
    {
      "city" : 16,
      "weight" : 132.0,
      "value" : 975.0
    },
    {
      "city" : 16,
      "weight" : 410.0,
      "value" : 645.0
    },
    {
      "city" : 16,
      "weight" : 439.0,
      "value" : 670.0
    },
    {
      "city" : 16,
      "weight" : 376.0,
      "value" : 818.0
    },
    {
      "city" : 16,
      "weight" : 245.0,
      "value" : 759.0
    },
    {
      "city" : 16,
      "weight" : 637.0,
      "value" : 96.0
    },
    {
      "city" : 16,
      "weight" : 235.0,
      "value" : 89.0
    },
    {
      "city" : 17,
      "weight" : 563.0,
      "value" : 763.0
    },
    {
      "city" : 17,
      "weight" : 553.0,
      "value" : 379.0
    },
    {
      "city" : 17,
      "weight" : 478.0,
      "value" : 716.0
    },
    {
      "city" : 17,
      "weight" : 724.0,
      "value" : 948.0
    },
    {
      "city" : 17,
      "weight" : 562.0,
      "value" : 940.0
    },
    {
      "city" : 17,
      "weight" : 831.0,
      "value" : 430.0
    },
    {
      "city" : 17,
      "weight" : 476.0,
      "value" : 623.0
    },
    {
      "city" : 17,
      "weight" : 21.0,
      "value" : 997.0
    },
    {
      "city" : 17,
      "weight" : 702.0,
      "value" : 561.0
    },
    {
      "city" : 17,
      "weight" : 495.0,
      "value" : 13.0
    },
    {
      "city" : 18,
      "weight" : 309.0,
      "value" : 387.0
    },
    {
      "city" : 18,
      "weight" : 399.0,
      "value" : 396.0
    },
    {
      "city" : 18,
      "weight" : 799.0,
      "value" : 572.0
    },
    {
      "city" : 18,
      "weight" : 128.0,
      "value" : 452.0
    },
    {
      "city" : 18,
      "weight" : 824.0,
      "value" : 671.0
    },
    {
      "city" : 18,
      "weight" : 54.0,
      "value" : 449.0
    },
    {
      "city" : 18,
      "weight" : 181.0,
      "value" : 507.0
    },
    {
      "city" : 18,
      "weight" : 945.0,
      "value" : 876.0
    },
    {
      "city" : 18,
      "weight" : 63.0,
      "value" : 216.0
    },
    {
      "city" : 18,
      "weight" : 839.0,
      "value" : 364.0
    },
    {
      "city" : 19,
      "weight" : 949.0,
      "value" : 715.0
    },
    {
      "city" : 19,
      "weight" : 792.0,
      "value" : 755.0
    },
    {
      "city" : 19,
      "weight" : 149.0,
      "value" : 248.0
    },
    {
      "city" : 19,
      "weight" : 283.0,
      "value" : 409.0
    },
    {
      "city" : 19,
      "weight" : 93.0,
      "value" : 296.0
    },
    {
      "city" : 19,
      "weight" : 151.0,
      "value" : 456.0
    },
    {
      "city" : 19,
      "weight" : 593.0,
      "value" : 232.0
    },
    {
      "city" : 19,
      "weight" : 993.0,
      "value" : 38.0
    },
    {
      "city" : 19,
      "weight" : 787.0,
      "value" : 581.0
    },
    {
      "city" : 19,
      "weight" : 722.0,
      "value" : 887.0
    },
    {
      "city" : 20,
      "weight" : 900.0,
      "value" : 637.0
    },
    {
      "city" : 20,
      "weight" : 399.0,
      "value" : 343.0
    },
    {
      "city" : 20,
      "weight" : 974.0,
      "value" : 64.0
    },
    {
      "city" : 20,
      "weight" : 586.0,
      "value" : 988.0
    },
    {
      "city" : 20,
      "weight" : 990.0,
      "value" : 566.0
    },
    {
      "city" : 20,
      "weight" : 447.0,
      "value" : 148.0
    },
    {
      "city" : 20,
      "weight" : 867.0,
      "value" : 79.0
    },
    {
      "city" : 20,
      "weight" : 188.0,
      "value" : 416.0
    },
    {
      "city" : 20,
      "weight" : 219.0,
      "value" : 44.0
    },
    {
      "city" : 20,
      "weight" : 127.0,
      "value" : 968.0
    },
    {
      "city" : 21,
      "weight" : 41.0,
      "value" : 23.0
    },
    {
      "city" : 21,
      "weight" : 161.0,
      "value" : 121.0
    },
    {
      "city" : 21,
      "weight" : 720.0,
      "value" : 376.0
    },
    {
      "city" : 21,
      "weight" : 634.0,
      "value" : 326.0
    },
    {
      "city" : 21,
      "weight" : 271.0,
      "value" : 781.0
    },
    {
      "city" : 21,
      "weight" : 609.0,
      "value" : 57.0
    },
    {
      "city" : 21,
      "weight" : 275.0,
      "value" : 865.0
    },
    {
      "city" : 21,
      "weight" : 459.0,
      "value" : 269.0
    },
    {
      "city" : 21,
      "weight" : 150.0,
      "value" : 880.0
    },
    {
      "city" : 21,
      "weight" : 784.0,
      "value" : 255.0
    },
    {
      "city" : 22,
      "weight" : 364.0,
      "value" : 250.0
    },
    {
      "city" : 22,
      "weight" : 54.0,
      "value" : 321.0
    },
    {
      "city" : 22,
      "weight" : 97.0,
      "value" : 498.0
    },
    {
      "city" : 22,
      "weight" : 195.0,
      "value" : 55.0
    },
    {
      "city" : 22,
      "weight" : 85.0,
      "value" : 776.0
    },
    {
      "city" : 22,
      "weight" : 744.0,
      "value" : 369.0
    },
    {
      "city" : 22,
      "weight" : 104.0,
      "value" : 269.0
    },
    {
      "city" : 22,
      "weight" : 370.0,
      "value" : 623.0
    },
    {
      "city" : 22,
      "weight" : 799.0,
      "value" : 483.0
    },
    {
      "city" : 22,
      "weight" : 337.0,
      "value" : 905.0
    },
    {
      "city" : 23,
      "weight" : 381.0,
      "value" : 462.0
    },
    {
      "city" : 23,
      "weight" : 666.0,
      "value" : 211.0
    },
    {
      "city" : 23,
      "weight" : 982.0,
      "value" : 851.0
    },
    {
      "city" : 23,
      "weight" : 219.0,
      "value" : 472.0
    },
    {
      "city" : 23,
      "weight" : 324.0,
      "value" : 124.0
    },
    {
      "city" : 23,
      "weight" : 105.0,
      "value" : 950.0
    },
    {
      "city" : 23,
      "weight" : 265.0,
      "value" : 206.0
    },
    {
      "city" : 23,
      "weight" : 351.0,
      "value" : 643.0
    },
    {
      "city" : 23,
      "weight" : 688.0,
      "value" : 828.0
    },
    {
      "city" : 23,
      "weight" : 168.0,
      "value" : 516.0
    },
    {
      "city" : 24,
      "weight" : 873.0,
      "value" : 745.0
    },
    {
      "city" : 24,
      "weight" : 90.0,
      "value" : 234.0
    },
    {
      "city" : 24,
      "weight" : 849.0,
      "value" : 128.0
    },
    {
      "city" : 24,
      "weight" : 160.0,
      "value" : 7.0
    },
    {
      "city" : 24,
      "weight" : 420.0,
      "value" : 788.0
    },
    {
      "city" : 24,
      "weight" : 364.0,
      "value" : 640.0
    },
    {
      "city" : 24,
      "weight" : 521.0,
      "value" : 742.0
    },
    {
      "city" : 24,
      "weight" : 470.0,
      "value" : 304.0
    },
    {
      "city" : 24,
      "weight" : 591.0,
      "value" : 598.0
    },
    {
      "city" : 24,
      "weight" : 932.0,
      "value" : 238.0
    },
    {
      "city" : 25,
      "weight" : 156.0,
      "value" : 7.0
    },
    {
      "city" : 25,
      "weight" : 566.0,
      "value" : 43.0
    },
    {
      "city" : 25,
      "weight" : 449.0,
      "value" : 187.0
    },
    {
      "city" : 25,
      "weight" : 675.0,
      "value" : 882.0
    },
    {
      "city" : 25,
      "weight" : 710.0,
      "value" : 877.0
    },
    {
      "city" : 25,
      "weight" : 622.0,
      "value" : 603.0
    },
    {
      "city" : 25,
      "weight" : 23.0,
      "value" : 931.0
    },
    {
      "city" : 25,
      "weight" : 42.0,
      "value" : 25.0
    },
    {
      "city" : 25,
      "weight" : 846.0,
      "value" : 937.0
    },
    {
      "city" : 25,
      "weight" : 745.0,
      "value" : 49.0
    },
    {
      "city" : 26,
      "weight" : 797.0,
      "value" : 556.0
    },
    {
      "city" : 26,
      "weight" : 126.0,
      "value" : 234.0
    },
    {
      "city" : 26,
      "weight" : 824.0,
      "value" : 687.0
    },
    {
      "city" : 26,
      "weight" : 137.0,
      "value" : 745.0
    },
    {
      "city" : 26,
      "weight" : 371.0,
      "value" : 423.0
    },
    {
      "city" : 26,
      "weight" : 875.0,
      "value" : 890.0
    },
    {
      "city" : 26,
      "weight" : 423.0,
      "value" : 373.0
    },
    {
      "city" : 26,
      "weight" : 885.0,
      "value" : 829.0
    },
    {
      "city" : 26,
      "weight" : 48.0,
      "value" : 945.0
    },
    {
      "city" : 26,
      "weight" : 740.0,
      "value" : 170.0
    },
    {
      "city" : 27,
      "weight" : 433.0,
      "value" : 203.0
    },
    {
      "city" : 27,
      "weight" : 7.0,
      "value" : 54.0
    },
    {
      "city" : 27,
      "weight" : 818.0,
      "value" : 548.0
    },
    {
      "city" : 27,
      "weight" : 503.0,
      "value" : 808.0
    },
    {
      "city" : 27,
      "weight" : 403.0,
      "value" : 153.0
    },
    {
      "city" : 27,
      "weight" : 463.0,
      "value" : 717.0
    },
    {
      "city" : 27,
      "weight" : 13.0,
      "value" : 958.0
    },
    {
      "city" : 27,
      "weight" : 979.0,
      "value" : 801.0
    },
    {
      "city" : 27,
      "weight" : 469.0,
      "value" : 809.0
    },
    {
      "city" : 27,
      "weight" : 268.0,
      "value" : 511.0
    },
    {
      "city" : 28,
      "weight" : 120.0,
      "value" : 677.0
    },
    {
      "city" : 28,
      "weight" : 374.0,
      "value" : 601.0
    },
    {
      "city" : 28,
      "weight" : 28.0,
      "value" : 720.0
    },
    {
      "city" : 28,
      "weight" : 664.0,
      "value" : 65.0
    },
    {
      "city" : 28,
      "weight" : 896.0,
      "value" : 611.0
    },
    {
      "city" : 28,
      "weight" : 765.0,
      "value" : 584.0
    },
    {
      "city" : 28,
      "weight" : 163.0,
      "value" : 637.0
    },
    {
      "city" : 28,
      "weight" : 734.0,
      "value" : 632.0
    },
    {
      "city" : 28,
      "weight" : 188.0,
      "value" : 360.0
    },
    {
      "city" : 28,
      "weight" : 759.0,
      "value" : 928.0
    },
    {
      "city" : 29,
      "weight" : 161.0,
      "value" : 51.0
    },
    {
      "city" : 29,
      "weight" : 831.0,
      "value" : 401.0
    },
    {
      "city" : 29,
      "weight" : 58.0,
      "value" : 37.0
    },
    {
      "city" : 29,
      "weight" : 331.0,
      "value" : 972.0
    },
    {
      "city" : 29,
      "weight" : 140.0,
      "value" : 435.0
    },
    {
      "city" : 29,
      "weight" : 827.0,
      "value" : 451.0
    },
    {
      "city" : 29,
      "weight" : 936.0,
      "value" : 992.0
    },
    {
      "city" : 29,
      "weight" : 244.0,
      "value" : 653.0
    },
    {
      "city" : 29,
      "weight" : 354.0,
      "value" : 793.0
    },
    {
      "city" : 29,
      "weight" : 384.0,
      "value" : 541.0
    },
    {
      "city" : 30,
      "weight" : 920.0,
      "value" : 213.0
    },
    {
      "city" : 30,
      "weight" : 404.0,
      "value" : 862.0
    },
    {
      "city" : 30,
      "weight" : 9.0,
      "value" : 718.0
    },
    {
      "city" : 30,
      "weight" : 327.0,
      "value" : 252.0
    },
    {
      "city" : 30,
      "weight" : 924.0,
      "value" : 138.0
    },
    {
      "city" : 30,
      "weight" : 764.0,
      "value" : 642.0
    },
    {
      "city" : 30,
      "weight" : 463.0,
      "value" : 794.0
    },
    {
      "city" : 30,
      "weight" : 840.0,
      "value" : 96.0
    },
    {
      "city" : 30,
      "weight" : 266.0,
      "value" : 310.0
    },
    {
      "city" : 30,
      "weight" : 595.0,
      "value" : 703.0
    },
    {
      "city" : 31,
      "weight" : 494.0,
      "value" : 768.0
    },
    {
      "city" : 31,
      "weight" : 395.0,
      "value" : 268.0
    },
    {
      "city" : 31,
      "weight" : 767.0,
      "value" : 364.0
    },
    {
      "city" : 31,
      "weight" : 190.0,
      "value" : 383.0
    },
    {
      "city" : 31,
      "weight" : 170.0,
      "value" : 476.0
    },
    {
      "city" : 31,
      "weight" : 133.0,
      "value" : 653.0
    },
    {
      "city" : 31,
      "weight" : 115.0,
      "value" : 205.0
    },
    {
      "city" : 31,
      "weight" : 515.0,
      "value" : 890.0
    },
    {
      "city" : 31,
      "weight" : 708.0,
      "value" : 684.0
    },
    {
      "city" : 31,
      "weight" : 866.0,
      "value" : 787.0
    },
    {
      "city" : 32,
      "weight" : 897.0,
      "value" : 400.0
    },
    {
      "city" : 32,
      "weight" : 331.0,
      "value" : 275.0
    },
    {
      "city" : 32,
      "weight" : 722.0,
      "value" : 131.0
    },
    {
      "city" : 32,
      "weight" : 686.0,
      "value" : 247.0
    },
    {
      "city" : 32,
      "weight" : 168.0,
      "value" : 784.0
    },
    {
      "city" : 32,
      "weight" : 155.0,
      "value" : 51.0
    },
    {
      "city" : 32,
      "weight" : 619.0,
      "value" : 959.0
    },
    {
      "city" : 32,
      "weight" : 88.0,
      "value" : 43.0
    },
    {
      "city" : 32,
      "weight" : 681.0,
      "value" : 441.0
    },
    {
      "city" : 32,
      "weight" : 354.0,
      "value" : 813.0
    },
    {
      "city" : 33,
      "weight" : 734.0,
      "value" : 42.0
    },
    {
      "city" : 33,
      "weight" : 885.0,
      "value" : 503.0
    },
    {
      "city" : 33,
      "weight" : 231.0,
      "value" : 532.0
    },
    {
      "city" : 33,
      "weight" : 22.0,
      "value" : 809.0
    },
    {
      "city" : 33,
      "weight" : 783.0,
      "value" : 622.0
    },
    {
      "city" : 33,
      "weight" : 619.0,
      "value" : 5.0
    },
    {
      "city" : 33,
      "weight" : 338.0,
      "value" : 588.0
    },
    {
      "city" : 33,
      "weight" : 95.0,
      "value" : 671.0
    },
    {
      "city" : 33,
      "weight" : 777.0,
      "value" : 194.0
    },
    {
      "city" : 33,
      "weight" : 86.0,
      "value" : 588.0
    },
    {
      "city" : 34,
      "weight" : 338.0,
      "value" : 468.0
    },
    {
      "city" : 34,
      "weight" : 718.0,
      "value" : 86.0
    },
    {
      "city" : 34,
      "weight" : 436.0,
      "value" : 944.0
    },
    {
      "city" : 34,
      "weight" : 928.0,
      "value" : 397.0
    },
    {
      "city" : 34,
      "weight" : 281.0,
      "value" : 830.0
    },
    {
      "city" : 34,
      "weight" : 966.0,
      "value" : 930.0
    },
    {
      "city" : 34,
      "weight" : 441.0,
      "value" : 662.0
    },
    {
      "city" : 34,
      "weight" : 525.0,
      "value" : 997.0
    },
    {
      "city" : 34,
      "weight" : 145.0,
      "value" : 770.0
    },
    {
      "city" : 34,
      "weight" : 820.0,
      "value" : 344.0
    },
    {
      "city" : 35,
      "weight" : 374.0,
      "value" : 536.0
    },
    {
      "city" : 35,
      "weight" : 92.0,
      "value" : 353.0
    },
    {
      "city" : 35,
      "weight" : 715.0,
      "value" : 170.0
    },
    {
      "city" : 35,
      "weight" : 819.0,
      "value" : 364.0
    },
    {
      "city" : 35,
      "weight" : 399.0,
      "value" : 232.0
    },
    {
      "city" : 35,
      "weight" : 698.0,
      "value" : 307.0
    },
    {
      "city" : 35,
      "weight" : 730.0,
      "value" : 600.0
    },
    {
      "city" : 35,
      "weight" : 618.0,
      "value" : 448.0
    },
    {
      "city" : 35,
      "weight" : 345.0,
      "value" : 925.0
    },
    {
      "city" : 35,
      "weight" : 910.0,
      "value" : 818.0
    },
    {
      "city" : 36,
      "weight" : 620.0,
      "value" : 831.0
    },
    {
      "city" : 36,
      "weight" : 995.0,
      "value" : 322.0
    },
    {
      "city" : 36,
      "weight" : 447.0,
      "value" : 635.0
    },
    {
      "city" : 36,
      "weight" : 322.0,
      "value" : 397.0
    },
    {
      "city" : 36,
      "weight" : 189.0,
      "value" : 587.0
    },
    {
      "city" : 36,
      "weight" : 175.0,
      "value" : 852.0
    },
    {
      "city" : 36,
      "weight" : 134.0,
      "value" : 63.0
    },
    {
      "city" : 36,
      "weight" : 546.0,
      "value" : 431.0
    },
    {
      "city" : 36,
      "weight" : 590.0,
      "value" : 344.0
    },
    {
      "city" : 36,
      "weight" : 591.0,
      "value" : 927.0
    },
    {
      "city" : 37,
      "weight" : 748.0,
      "value" : 598.0
    },
    {
      "city" : 37,
      "weight" : 602.0,
      "value" : 335.0
    },
    {
      "city" : 37,
      "weight" : 267.0,
      "value" : 918.0
    },
    {
      "city" : 37,
      "weight" : 411.0,
      "value" : 867.0
    },
    {
      "city" : 37,
      "weight" : 969.0,
      "value" : 657.0
    },
    {
      "city" : 37,
      "weight" : 519.0,
      "value" : 964.0
    },
    {
      "city" : 37,
      "weight" : 960.0,
      "value" : 148.0
    },
    {
      "city" : 37,
      "weight" : 82.0,
      "value" : 792.0
    },
    {
      "city" : 37,
      "weight" : 547.0,
      "value" : 620.0
    },
    {
      "city" : 37,
      "weight" : 278.0,
      "value" : 131.0
    },
    {
      "city" : 38,
      "weight" : 823.0,
      "value" : 96.0
    },
    {
      "city" : 38,
      "weight" : 569.0,
      "value" : 51.0
    },
    {
      "city" : 38,
      "weight" : 362.0,
      "value" : 259.0
    },
    {
      "city" : 38,
      "weight" : 495.0,
      "value" : 290.0
    },
    {
      "city" : 38,
      "weight" : 378.0,
      "value" : 461.0
    },
    {
      "city" : 38,
      "weight" : 666.0,
      "value" : 252.0
    },
    {
      "city" : 38,
      "weight" : 797.0,
      "value" : 8.0
    },
    {
      "city" : 38,
      "weight" : 735.0,
      "value" : 571.0
    },
    {
      "city" : 38,
      "weight" : 50.0,
      "value" : 595.0
    },
    {
      "city" : 38,
      "weight" : 405.0,
      "value" : 960.0
    },
    {
      "city" : 39,
      "weight" : 480.0,
      "value" : 213.0
    },
    {
      "city" : 39,
      "weight" : 730.0,
      "value" : 249.0
    },
    {
      "city" : 39,
      "weight" : 74.0,
      "value" : 44.0
    },
    {
      "city" : 39,
      "weight" : 450.0,
      "value" : 728.0
    },
    {
      "city" : 39,
      "weight" : 453.0,
      "value" : 152.0
    },
    {
      "city" : 39,
      "weight" : 340.0,
      "value" : 898.0
    },
    {
      "city" : 39,
      "weight" : 565.0,
      "value" : 573.0
    },
    {
      "city" : 39,
      "weight" : 891.0,
      "value" : 547.0
    },
    {
      "city" : 39,
      "weight" : 139.0,
      "value" : 208.0
    },
    {
      "city" : 39,
      "weight" : 546.0,
      "value" : 145.0
    },
    {
      "city" : 40,
      "weight" : 386.0,
      "value" : 318.0
    },
    {
      "city" : 40,
      "weight" : 419.0,
      "value" : 521.0
    },
    {
      "city" : 40,
      "weight" : 482.0,
      "value" : 551.0
    },
    {
      "city" : 40,
      "weight" : 19.0,
      "value" : 667.0
    },
    {
      "city" : 40,
      "weight" : 354.0,
      "value" : 573.0
    },
    {
      "city" : 40,
      "weight" : 230.0,
      "value" : 28.0
    },
    {
      "city" : 40,
      "weight" : 249.0,
      "value" : 914.0
    },
    {
      "city" : 40,
      "weight" : 340.0,
      "value" : 172.0
    },
    {
      "city" : 40,
      "weight" : 965.0,
      "value" : 702.0
    },
    {
      "city" : 40,
      "weight" : 715.0,
      "value" : 667.0
    },
    {
      "city" : 41,
      "weight" : 614.0,
      "value" : 412.0
    },
    {
      "city" : 41,
      "weight" : 420.0,
      "value" : 944.0
    },
    {
      "city" : 41,
      "weight" : 46.0,
      "value" : 81.0
    },
    {
      "city" : 41,
      "weight" : 11.0,
      "value" : 970.0
    },
    {
      "city" : 41,
      "weight" : 972.0,
      "value" : 759.0
    },
    {
      "city" : 41,
      "weight" : 109.0,
      "value" : 742.0
    },
    {
      "city" : 41,
      "weight" : 635.0,
      "value" : 481.0
    },
    {
      "city" : 41,
      "weight" : 861.0,
      "value" : 961.0
    },
    {
      "city" : 41,
      "weight" : 332.0,
      "value" : 147.0
    },
    {
      "city" : 41,
      "weight" : 325.0,
      "value" : 23.0
    },
    {
      "city" : 42,
      "weight" : 879.0,
      "value" : 646.0
    },
    {
      "city" : 42,
      "weight" : 512.0,
      "value" : 604.0
    },
    {
      "city" : 42,
      "weight" : 742.0,
      "value" : 484.0
    },
    {
      "city" : 42,
      "weight" : 354.0,
      "value" : 299.0
    },
    {
      "city" : 42,
      "weight" : 220.0,
      "value" : 817.0
    },
    {
      "city" : 42,
      "weight" : 289.0,
      "value" : 837.0
    },
    {
      "city" : 42,
      "weight" : 6.0,
      "value" : 908.0
    },
    {
      "city" : 42,
      "weight" : 908.0,
      "value" : 626.0
    },
    {
      "city" : 42,
      "weight" : 155.0,
      "value" : 295.0
    },
    {
      "city" : 42,
      "weight" : 657.0,
      "value" : 891.0
    },
    {
      "city" : 43,
      "weight" : 658.0,
      "value" : 348.0
    },
    {
      "city" : 43,
      "weight" : 478.0,
      "value" : 332.0
    },
    {
      "city" : 43,
      "weight" : 190.0,
      "value" : 243.0
    },
    {
      "city" : 43,
      "weight" : 383.0,
      "value" : 701.0
    },
    {
      "city" : 43,
      "weight" : 639.0,
      "value" : 519.0
    },
    {
      "city" : 43,
      "weight" : 878.0,
      "value" : 410.0
    },
    {
      "city" : 43,
      "weight" : 342.0,
      "value" : 901.0
    },
    {
      "city" : 43,
      "weight" : 293.0,
      "value" : 582.0
    },
    {
      "city" : 43,
      "weight" : 639.0,
      "value" : 945.0
    },
    {
      "city" : 43,
      "weight" : 159.0,
      "value" : 735.0
    },
    {
      "city" : 44,
      "weight" : 265.0,
      "value" : 112.0
    },
    {
      "city" : 44,
      "weight" : 208.0,
      "value" : 974.0
    },
    {
      "city" : 44,
      "weight" : 266.0,
      "value" : 773.0
    },
    {
      "city" : 44,
      "weight" : 331.0,
      "value" : 972.0
    },
    {
      "city" : 44,
      "weight" : 273.0,
      "value" : 282.0
    },
    {
      "city" : 44,
      "weight" : 86.0,
      "value" : 427.0
    },
    {
      "city" : 44,
      "weight" : 261.0,
      "value" : 937.0
    },
    {
      "city" : 44,
      "weight" : 177.0,
      "value" : 602.0
    },
    {
      "city" : 44,
      "weight" : 963.0,
      "value" : 912.0
    },
    {
      "city" : 44,
      "weight" : 530.0,
      "value" : 556.0
    },
    {
      "city" : 45,
      "weight" : 624.0,
      "value" : 113.0
    },
    {
      "city" : 45,
      "weight" : 384.0,
      "value" : 202.0
    },
    {
      "city" : 45,
      "weight" : 872.0,
      "value" : 266.0
    },
    {
      "city" : 45,
      "weight" : 528.0,
      "value" : 324.0
    },
    {
      "city" : 45,
      "weight" : 437.0,
      "value" : 63.0
    },
    {
      "city" : 45,
      "weight" : 547.0,
      "value" : 531.0
    },
    {
      "city" : 45,
      "weight" : 625.0,
      "value" : 908.0
    },
    {
      "city" : 45,
      "weight" : 506.0,
      "value" : 902.0
    },
    {
      "city" : 45,
      "weight" : 128.0,
      "value" : 303.0
    },
    {
      "city" : 45,
      "weight" : 505.0,
      "value" : 64.0
    },
    {
      "city" : 46,
      "weight" : 435.0,
      "value" : 0.0
    },
    {
      "city" : 46,
      "weight" : 46.0,
      "value" : 710.0
    },
    {
      "city" : 46,
      "weight" : 774.0,
      "value" : 845.0
    },
    {
      "city" : 46,
      "weight" : 110.0,
      "value" : 12.0
    },
    {
      "city" : 46,
      "weight" : 361.0,
      "value" : 326.0
    },
    {
      "city" : 46,
      "weight" : 406.0,
      "value" : 796.0
    },
    {
      "city" : 46,
      "weight" : 914.0,
      "value" : 332.0
    },
    {
      "city" : 46,
      "weight" : 178.0,
      "value" : 933.0
    },
    {
      "city" : 46,
      "weight" : 704.0,
      "value" : 183.0
    },
    {
      "city" : 46,
      "weight" : 810.0,
      "value" : 919.0
    },
    {
      "city" : 47,
      "weight" : 904.0,
      "value" : 828.0
    },
    {
      "city" : 47,
      "weight" : 124.0,
      "value" : 523.0
    },
    {
      "city" : 47,
      "weight" : 870.0,
      "value" : 331.0
    },
    {
      "city" : 47,
      "weight" : 587.0,
      "value" : 769.0
    },
    {
      "city" : 47,
      "weight" : 844.0,
      "value" : 454.0
    },
    {
      "city" : 47,
      "weight" : 19.0,
      "value" : 596.0
    },
    {
      "city" : 47,
      "weight" : 820.0,
      "value" : 452.0
    },
    {
      "city" : 47,
      "weight" : 111.0,
      "value" : 342.0
    },
    {
      "city" : 47,
      "weight" : 450.0,
      "value" : 344.0
    },
    {
      "city" : 47,
      "weight" : 280.0,
      "value" : 989.0
    },
    {
      "city" : 48,
      "weight" : 862.0,
      "value" : 618.0
    },
    {
      "city" : 48,
      "weight" : 429.0,
      "value" : 152.0
    },
    {
      "city" : 48,
      "weight" : 251.0,
      "value" : 672.0
    },
    {
      "city" : 48,
      "weight" : 583.0,
      "value" : 666.0
    },
    {
      "city" : 48,
      "weight" : 171.0,
      "value" : 800.0
    },
    {
      "city" : 48,
      "weight" : 488.0,
      "value" : 463.0
    },
    {
      "city" : 48,
      "weight" : 420.0,
      "value" : 916.0
    },
    {
      "city" : 48,
      "weight" : 334.0,
      "value" : 663.0
    },
    {
      "city" : 48,
      "weight" : 318.0,
      "value" : 707.0
    },
    {
      "city" : 48,
      "weight" : 679.0,
      "value" : 299.0
    },
    {
      "city" : 49,
      "weight" : 515.0,
      "value" : 869.0
    },
    {
      "city" : 49,
      "weight" : 65.0,
      "value" : 287.0
    },
    {
      "city" : 49,
      "weight" : 844.0,
      "value" : 330.0
    },
    {
      "city" : 49,
      "weight" : 888.0,
      "value" : 453.0
    },
    {
      "city" : 49,
      "weight" : 491.0,
      "value" : 864.0
    },
    {
      "city" : 49,
      "weight" : 394.0,
      "value" : 694.0
    },
    {
      "city" : 49,
      "weight" : 952.0,
      "value" : 563.0
    },
    {
      "city" : 49,
      "weight" : 528.0,
      "value" : 782.0
    },
    {
      "city" : 49,
      "weight" : 999.0,
      "value" : 319.0
    },
    {
      "city" : 49,
      "weight" : 300.0,
      "value" : 873.0
    },
    {
      "city" : 50,
      "weight" : 774.0,
      "value" : 670.0
    },
    {
      "city" : 50,
      "weight" : 856.0,
      "value" : 177.0
    },
    {
      "city" : 50,
      "weight" : 865.0,
      "value" : 415.0
    },
    {
      "city" : 50,
      "weight" : 959.0,
      "value" : 305.0
    },
    {
      "city" : 50,
      "weight" : 950.0,
      "value" : 83.0
    },
    {
      "city" : 50,
      "weight" : 6.0,
      "value" : 265.0
    },
    {
      "city" : 50,
      "weight" : 969.0,
      "value" : 866.0
    },
    {
      "city" : 50,
      "weight" : 499.0,
      "value" : 447.0
    },
    {
      "city" : 50,
      "weight" : 850.0,
      "value" : 205.0
    },
    {
      "city" : 50,
      "weight" : 285.0,
      "value" : 566.0
    },
    {
      "city" : 51,
      "weight" : 308.0,
      "value" : 430.0
    },
    {
      "city" : 51,
      "weight" : 651.0,
      "value" : 840.0
    },
    {
      "city" : 51,
      "weight" : 905.0,
      "value" : 111.0
    },
    {
      "city" : 51,
      "weight" : 752.0,
      "value" : 227.0
    },
    {
      "city" : 51,
      "weight" : 129.0,
      "value" : 62.0
    },
    {
      "city" : 51,
      "weight" : 338.0,
      "value" : 291.0
    },
    {
      "city" : 51,
      "weight" : 871.0,
      "value" : 991.0
    },
    {
      "city" : 51,
      "weight" : 666.0,
      "value" : 402.0
    },
    {
      "city" : 51,
      "weight" : 845.0,
      "value" : 6.0
    },
    {
      "city" : 51,
      "weight" : 92.0,
      "value" : 62.0
    },
    {
      "city" : 52,
      "weight" : 617.0,
      "value" : 76.0
    },
    {
      "city" : 52,
      "weight" : 361.0,
      "value" : 841.0
    },
    {
      "city" : 52,
      "weight" : 968.0,
      "value" : 58.0
    },
    {
      "city" : 52,
      "weight" : 646.0,
      "value" : 979.0
    },
    {
      "city" : 52,
      "weight" : 302.0,
      "value" : 126.0
    },
    {
      "city" : 52,
      "weight" : 342.0,
      "value" : 746.0
    },
    {
      "city" : 52,
      "weight" : 219.0,
      "value" : 839.0
    },
    {
      "city" : 52,
      "weight" : 64.0,
      "value" : 127.0
    },
    {
      "city" : 52,
      "weight" : 614.0,
      "value" : 574.0
    },
    {
      "city" : 52,
      "weight" : 770.0,
      "value" : 842.0
    },
    {
      "city" : 53,
      "weight" : 509.0,
      "value" : 3.0
    },
    {
      "city" : 53,
      "weight" : 488.0,
      "value" : 868.0
    },
    {
      "city" : 53,
      "weight" : 256.0,
      "value" : 554.0
    },
    {
      "city" : 53,
      "weight" : 930.0,
      "value" : 199.0
    },
    {
      "city" : 53,
      "weight" : 22.0,
      "value" : 157.0
    },
    {
      "city" : 53,
      "weight" : 205.0,
      "value" : 546.0
    },
    {
      "city" : 53,
      "weight" : 755.0,
      "value" : 90.0
    },
    {
      "city" : 53,
      "weight" : 860.0,
      "value" : 952.0
    },
    {
      "city" : 53,
      "weight" : 552.0,
      "value" : 85.0
    },
    {
      "city" : 53,
      "weight" : 408.0,
      "value" : 598.0
    },
    {
      "city" : 54,
      "weight" : 766.0,
      "value" : 625.0
    },
    {
      "city" : 54,
      "weight" : 69.0,
      "value" : 57.0
    },
    {
      "city" : 54,
      "weight" : 769.0,
      "value" : 992.0
    },
    {
      "city" : 54,
      "weight" : 670.0,
      "value" : 625.0
    },
    {
      "city" : 54,
      "weight" : 422.0,
      "value" : 889.0
    },
    {
      "city" : 54,
      "weight" : 521.0,
      "value" : 990.0
    },
    {
      "city" : 54,
      "weight" : 211.0,
      "value" : 987.0
    },
    {
      "city" : 54,
      "weight" : 899.0,
      "value" : 697.0
    },
    {
      "city" : 54,
      "weight" : 896.0,
      "value" : 959.0
    },
    {
      "city" : 54,
      "weight" : 939.0,
      "value" : 978.0
    },
    {
      "city" : 55,
      "weight" : 213.0,
      "value" : 78.0
    },
    {
      "city" : 55,
      "weight" : 785.0,
      "value" : 561.0
    },
    {
      "city" : 55,
      "weight" : 618.0,
      "value" : 249.0
    },
    {
      "city" : 55,
      "weight" : 681.0,
      "value" : 877.0
    },
    {
      "city" : 55,
      "weight" : 613.0,
      "value" : 897.0
    },
    {
      "city" : 55,
      "weight" : 826.0,
      "value" : 92.0
    },
    {
      "city" : 55,
      "weight" : 161.0,
      "value" : 20.0
    },
    {
      "city" : 55,
      "weight" : 444.0,
      "value" : 443.0
    },
    {
      "city" : 55,
      "weight" : 504.0,
      "value" : 14.0
    },
    {
      "city" : 55,
      "weight" : 411.0,
      "value" : 760.0
    },
    {
      "city" : 56,
      "weight" : 62.0,
      "value" : 503.0
    },
    {
      "city" : 56,
      "weight" : 35.0,
      "value" : 260.0
    },
    {
      "city" : 56,
      "weight" : 167.0,
      "value" : 211.0
    },
    {
      "city" : 56,
      "weight" : 239.0,
      "value" : 598.0
    },
    {
      "city" : 56,
      "weight" : 198.0,
      "value" : 677.0
    },
    {
      "city" : 56,
      "weight" : 564.0,
      "value" : 472.0
    },
    {
      "city" : 56,
      "weight" : 216.0,
      "value" : 584.0
    },
    {
      "city" : 56,
      "weight" : 648.0,
      "value" : 337.0
    },
    {
      "city" : 56,
      "weight" : 973.0,
      "value" : 394.0
    },
    {
      "city" : 56,
      "weight" : 185.0,
      "value" : 635.0
    },
    {
      "city" : 57,
      "weight" : 235.0,
      "value" : 855.0
    },
    {
      "city" : 57,
      "weight" : 131.0,
      "value" : 717.0
    },
    {
      "city" : 57,
      "weight" : 785.0,
      "value" : 288.0
    },
    {
      "city" : 57,
      "weight" : 414.0,
      "value" : 331.0
    },
    {
      "city" : 57,
      "weight" : 586.0,
      "value" : 971.0
    },
    {
      "city" : 57,
      "weight" : 577.0,
      "value" : 125.0
    },
    {
      "city" : 57,
      "weight" : 216.0,
      "value" : 274.0
    },
    {
      "city" : 57,
      "weight" : 999.0,
      "value" : 742.0
    },
    {
      "city" : 57,
      "weight" : 47.0,
      "value" : 564.0
    },
    {
      "city" : 57,
      "weight" : 275.0,
      "value" : 892.0
    },
    {
      "city" : 58,
      "weight" : 217.0,
      "value" : 874.0
    },
    {
      "city" : 58,
      "weight" : 423.0,
      "value" : 514.0
    },
    {
      "city" : 58,
      "weight" : 960.0,
      "value" : 966.0
    },
    {
      "city" : 58,
      "weight" : 43.0,
      "value" : 524.0
    },
    {
      "city" : 58,
      "weight" : 577.0,
      "value" : 74.0
    },
    {
      "city" : 58,
      "weight" : 520.0,
      "value" : 945.0
    },
    {
      "city" : 58,
      "weight" : 308.0,
      "value" : 685.0
    },
    {
      "city" : 58,
      "weight" : 38.0,
      "value" : 522.0
    },
    {
      "city" : 58,
      "weight" : 807.0,
      "value" : 280.0
    },
    {
      "city" : 58,
      "weight" : 316.0,
      "value" : 416.0
    },
    {
      "city" : 59,
      "weight" : 274.0,
      "value" : 272.0
    },
    {
      "city" : 59,
      "weight" : 345.0,
      "value" : 206.0
    },
    {
      "city" : 59,
      "weight" : 659.0,
      "value" : 583.0
    },
    {
      "city" : 59,
      "weight" : 629.0,
      "value" : 48.0
    },
    {
      "city" : 59,
      "weight" : 894.0,
      "value" : 197.0
    },
    {
      "city" : 59,
      "weight" : 756.0,
      "value" : 286.0
    },
    {
      "city" : 59,
      "weight" : 884.0,
      "value" : 997.0
    },
    {
      "city" : 59,
      "weight" : 689.0,
      "value" : 485.0
    },
    {
      "city" : 59,
      "weight" : 9.0,
      "value" : 812.0
    },
    {
      "city" : 59,
      "weight" : 285.0,
      "value" : 730.0
    },
    {
      "city" : 60,
      "weight" : 377.0,
      "value" : 303.0
    },
    {
      "city" : 60,
      "weight" : 648.0,
      "value" : 447.0
    },
    {
      "city" : 60,
      "weight" : 930.0,
      "value" : 280.0
    },
    {
      "city" : 60,
      "weight" : 381.0,
      "value" : 686.0
    },
    {
      "city" : 60,
      "weight" : 262.0,
      "value" : 482.0
    },
    {
      "city" : 60,
      "weight" : 328.0,
      "value" : 134.0
    },
    {
      "city" : 60,
      "weight" : 276.0,
      "value" : 438.0
    },
    {
      "city" : 60,
      "weight" : 215.0,
      "value" : 600.0
    },
    {
      "city" : 60,
      "weight" : 321.0,
      "value" : 213.0
    },
    {
      "city" : 60,
      "weight" : 858.0,
      "value" : 477.0
    },
    {
      "city" : 61,
      "weight" : 305.0,
      "value" : 150.0
    },
    {
      "city" : 61,
      "weight" : 784.0,
      "value" : 467.0
    },
    {
      "city" : 61,
      "weight" : 697.0,
      "value" : 343.0
    },
    {
      "city" : 61,
      "weight" : 271.0,
      "value" : 918.0
    },
    {
      "city" : 61,
      "weight" : 915.0,
      "value" : 710.0
    },
    {
      "city" : 61,
      "weight" : 181.0,
      "value" : 407.0
    },
    {
      "city" : 61,
      "weight" : 10.0,
      "value" : 414.0
    },
    {
      "city" : 61,
      "weight" : 749.0,
      "value" : 173.0
    },
    {
      "city" : 61,
      "weight" : 488.0,
      "value" : 452.0
    },
    {
      "city" : 61,
      "weight" : 826.0,
      "value" : 875.0
    },
    {
      "city" : 62,
      "weight" : 835.0,
      "value" : 831.0
    },
    {
      "city" : 62,
      "weight" : 194.0,
      "value" : 339.0
    },
    {
      "city" : 62,
      "weight" : 396.0,
      "value" : 426.0
    },
    {
      "city" : 62,
      "weight" : 746.0,
      "value" : 396.0
    },
    {
      "city" : 62,
      "weight" : 649.0,
      "value" : 914.0
    },
    {
      "city" : 62,
      "weight" : 174.0,
      "value" : 895.0
    },
    {
      "city" : 62,
      "weight" : 322.0,
      "value" : 945.0
    },
    {
      "city" : 62,
      "weight" : 589.0,
      "value" : 869.0
    },
    {
      "city" : 62,
      "weight" : 651.0,
      "value" : 469.0
    },
    {
      "city" : 62,
      "weight" : 619.0,
      "value" : 213.0
    },
    {
      "city" : 63,
      "weight" : 686.0,
      "value" : 347.0
    },
    {
      "city" : 63,
      "weight" : 518.0,
      "value" : 6.0
    },
    {
      "city" : 63,
      "weight" : 803.0,
      "value" : 94.0
    },
    {
      "city" : 63,
      "weight" : 707.0,
      "value" : 114.0
    },
    {
      "city" : 63,
      "weight" : 574.0,
      "value" : 992.0
    },
    {
      "city" : 63,
      "weight" : 846.0,
      "value" : 683.0
    },
    {
      "city" : 63,
      "weight" : 848.0,
      "value" : 941.0
    },
    {
      "city" : 63,
      "weight" : 201.0,
      "value" : 700.0
    },
    {
      "city" : 63,
      "weight" : 564.0,
      "value" : 257.0
    },
    {
      "city" : 63,
      "weight" : 968.0,
      "value" : 659.0
    },
    {
      "city" : 64,
      "weight" : 615.0,
      "value" : 657.0
    },
    {
      "city" : 64,
      "weight" : 744.0,
      "value" : 922.0
    },
    {
      "city" : 64,
      "weight" : 450.0,
      "value" : 924.0
    },
    {
      "city" : 64,
      "weight" : 700.0,
      "value" : 293.0
    },
    {
      "city" : 64,
      "weight" : 110.0,
      "value" : 121.0
    },
    {
      "city" : 64,
      "weight" : 739.0,
      "value" : 636.0
    },
    {
      "city" : 64,
      "weight" : 288.0,
      "value" : 371.0
    },
    {
      "city" : 64,
      "weight" : 868.0,
      "value" : 215.0
    },
    {
      "city" : 64,
      "weight" : 351.0,
      "value" : 106.0
    },
    {
      "city" : 64,
      "weight" : 540.0,
      "value" : 415.0
    },
    {
      "city" : 65,
      "weight" : 598.0,
      "value" : 897.0
    },
    {
      "city" : 65,
      "weight" : 440.0,
      "value" : 825.0
    },
    {
      "city" : 65,
      "weight" : 515.0,
      "value" : 891.0
    },
    {
      "city" : 65,
      "weight" : 369.0,
      "value" : 117.0
    },
    {
      "city" : 65,
      "weight" : 849.0,
      "value" : 151.0
    },
    {
      "city" : 65,
      "weight" : 353.0,
      "value" : 60.0
    },
    {
      "city" : 65,
      "weight" : 435.0,
      "value" : 840.0
    },
    {
      "city" : 65,
      "weight" : 738.0,
      "value" : 411.0
    },
    {
      "city" : 65,
      "weight" : 827.0,
      "value" : 284.0
    },
    {
      "city" : 65,
      "weight" : 286.0,
      "value" : 711.0
    },
    {
      "city" : 66,
      "weight" : 492.0,
      "value" : 982.0
    },
    {
      "city" : 66,
      "weight" : 410.0,
      "value" : 259.0
    },
    {
      "city" : 66,
      "weight" : 988.0,
      "value" : 710.0
    },
    {
      "city" : 66,
      "weight" : 607.0,
      "value" : 455.0
    },
    {
      "city" : 66,
      "weight" : 905.0,
      "value" : 633.0
    },
    {
      "city" : 66,
      "weight" : 586.0,
      "value" : 314.0
    },
    {
      "city" : 66,
      "weight" : 754.0,
      "value" : 993.0
    },
    {
      "city" : 66,
      "weight" : 471.0,
      "value" : 550.0
    },
    {
      "city" : 66,
      "weight" : 534.0,
      "value" : 421.0
    },
    {
      "city" : 66,
      "weight" : 823.0,
      "value" : 635.0
    },
    {
      "city" : 67,
      "weight" : 835.0,
      "value" : 545.0
    },
    {
      "city" : 67,
      "weight" : 407.0,
      "value" : 789.0
    },
    {
      "city" : 67,
      "weight" : 866.0,
      "value" : 539.0
    },
    {
      "city" : 67,
      "weight" : 469.0,
      "value" : 146.0
    },
    {
      "city" : 67,
      "weight" : 577.0,
      "value" : 932.0
    },
    {
      "city" : 67,
      "weight" : 908.0,
      "value" : 972.0
    },
    {
      "city" : 67,
      "weight" : 947.0,
      "value" : 688.0
    },
    {
      "city" : 67,
      "weight" : 255.0,
      "value" : 984.0
    },
    {
      "city" : 67,
      "weight" : 778.0,
      "value" : 588.0
    },
    {
      "city" : 67,
      "weight" : 449.0,
      "value" : 33.0
    },
    {
      "city" : 68,
      "weight" : 152.0,
      "value" : 534.0
    },
    {
      "city" : 68,
      "weight" : 430.0,
      "value" : 694.0
    },
    {
      "city" : 68,
      "weight" : 676.0,
      "value" : 434.0
    },
    {
      "city" : 68,
      "weight" : 162.0,
      "value" : 978.0
    },
    {
      "city" : 68,
      "weight" : 436.0,
      "value" : 491.0
    },
    {
      "city" : 68,
      "weight" : 439.0,
      "value" : 187.0
    },
    {
      "city" : 68,
      "weight" : 545.0,
      "value" : 27.0
    },
    {
      "city" : 68,
      "weight" : 578.0,
      "value" : 603.0
    },
    {
      "city" : 68,
      "weight" : 303.0,
      "value" : 25.0
    },
    {
      "city" : 68,
      "weight" : 923.0,
      "value" : 19.0
    },
    {
      "city" : 69,
      "weight" : 411.0,
      "value" : 937.0
    },
    {
      "city" : 69,
      "weight" : 606.0,
      "value" : 306.0
    },
    {
      "city" : 69,
      "weight" : 770.0,
      "value" : 314.0
    },
    {
      "city" : 69,
      "weight" : 284.0,
      "value" : 400.0
    },
    {
      "city" : 69,
      "weight" : 75.0,
      "value" : 280.0
    },
    {
      "city" : 69,
      "weight" : 288.0,
      "value" : 917.0
    },
    {
      "city" : 69,
      "weight" : 551.0,
      "value" : 232.0
    },
    {
      "city" : 69,
      "weight" : 268.0,
      "value" : 527.0
    },
    {
      "city" : 69,
      "weight" : 528.0,
      "value" : 911.0
    },
    {
      "city" : 69,
      "weight" : 572.0,
      "value" : 426.0
    },
    {
      "city" : 70,
      "weight" : 60.0,
      "value" : 648.0
    },
    {
      "city" : 70,
      "weight" : 494.0,
      "value" : 943.0
    },
    {
      "city" : 70,
      "weight" : 690.0,
      "value" : 879.0
    },
    {
      "city" : 70,
      "weight" : 180.0,
      "value" : 530.0
    },
    {
      "city" : 70,
      "weight" : 598.0,
      "value" : 487.0
    },
    {
      "city" : 70,
      "weight" : 89.0,
      "value" : 76.0
    },
    {
      "city" : 70,
      "weight" : 464.0,
      "value" : 138.0
    },
    {
      "city" : 70,
      "weight" : 993.0,
      "value" : 356.0
    },
    {
      "city" : 70,
      "weight" : 461.0,
      "value" : 944.0
    },
    {
      "city" : 70,
      "weight" : 485.0,
      "value" : 116.0
    },
    {
      "city" : 71,
      "weight" : 17.0,
      "value" : 244.0
    },
    {
      "city" : 71,
      "weight" : 811.0,
      "value" : 81.0
    },
    {
      "city" : 71,
      "weight" : 866.0,
      "value" : 397.0
    },
    {
      "city" : 71,
      "weight" : 79.0,
      "value" : 490.0
    },
    {
      "city" : 71,
      "weight" : 486.0,
      "value" : 132.0
    },
    {
      "city" : 71,
      "weight" : 511.0,
      "value" : 673.0
    },
    {
      "city" : 71,
      "weight" : 128.0,
      "value" : 135.0
    },
    {
      "city" : 71,
      "weight" : 166.0,
      "value" : 265.0
    },
    {
      "city" : 71,
      "weight" : 379.0,
      "value" : 681.0
    },
    {
      "city" : 71,
      "weight" : 591.0,
      "value" : 47.0
    },
    {
      "city" : 72,
      "weight" : 73.0,
      "value" : 286.0
    },
    {
      "city" : 72,
      "weight" : 62.0,
      "value" : 511.0
    },
    {
      "city" : 72,
      "weight" : 669.0,
      "value" : 47.0
    },
    {
      "city" : 72,
      "weight" : 553.0,
      "value" : 739.0
    },
    {
      "city" : 72,
      "weight" : 333.0,
      "value" : 153.0
    },
    {
      "city" : 72,
      "weight" : 888.0,
      "value" : 800.0
    },
    {
      "city" : 72,
      "weight" : 917.0,
      "value" : 634.0
    },
    {
      "city" : 72,
      "weight" : 932.0,
      "value" : 709.0
    },
    {
      "city" : 72,
      "weight" : 92.0,
      "value" : 613.0
    },
    {
      "city" : 72,
      "weight" : 715.0,
      "value" : 396.0
    },
    {
      "city" : 73,
      "weight" : 618.0,
      "value" : 484.0
    },
    {
      "city" : 73,
      "weight" : 887.0,
      "value" : 717.0
    },
    {
      "city" : 73,
      "weight" : 527.0,
      "value" : 139.0
    },
    {
      "city" : 73,
      "weight" : 281.0,
      "value" : 642.0
    },
    {
      "city" : 73,
      "weight" : 965.0,
      "value" : 853.0
    },
    {
      "city" : 73,
      "weight" : 351.0,
      "value" : 291.0
    },
    {
      "city" : 73,
      "weight" : 525.0,
      "value" : 485.0
    },
    {
      "city" : 73,
      "weight" : 886.0,
      "value" : 813.0
    },
    {
      "city" : 73,
      "weight" : 186.0,
      "value" : 591.0
    },
    {
      "city" : 73,
      "weight" : 54.0,
      "value" : 876.0
    },
    {
      "city" : 74,
      "weight" : 705.0,
      "value" : 927.0
    },
    {
      "city" : 74,
      "weight" : 305.0,
      "value" : 649.0
    },
    {
      "city" : 74,
      "weight" : 936.0,
      "value" : 618.0
    },
    {
      "city" : 74,
      "weight" : 199.0,
      "value" : 127.0
    },
    {
      "city" : 74,
      "weight" : 160.0,
      "value" : 726.0
    },
    {
      "city" : 74,
      "weight" : 581.0,
      "value" : 105.0
    },
    {
      "city" : 74,
      "weight" : 29.0,
      "value" : 195.0
    },
    {
      "city" : 74,
      "weight" : 233.0,
      "value" : 304.0
    },
    {
      "city" : 74,
      "weight" : 960.0,
      "value" : 289.0
    },
    {
      "city" : 74,
      "weight" : 809.0,
      "value" : 109.0
    },
    {
      "city" : 75,
      "weight" : 846.0,
      "value" : 122.0
    },
    {
      "city" : 75,
      "weight" : 724.0,
      "value" : 903.0
    },
    {
      "city" : 75,
      "weight" : 677.0,
      "value" : 628.0
    },
    {
      "city" : 75,
      "weight" : 590.0,
      "value" : 84.0
    },
    {
      "city" : 75,
      "weight" : 572.0,
      "value" : 269.0
    },
    {
      "city" : 75,
      "weight" : 295.0,
      "value" : 630.0
    },
    {
      "city" : 75,
      "weight" : 915.0,
      "value" : 209.0
    },
    {
      "city" : 75,
      "weight" : 803.0,
      "value" : 386.0
    },
    {
      "city" : 75,
      "weight" : 510.0,
      "value" : 310.0
    },
    {
      "city" : 75,
      "weight" : 412.0,
      "value" : 748.0
    },
    {
      "city" : 76,
      "weight" : 556.0,
      "value" : 454.0
    },
    {
      "city" : 76,
      "weight" : 487.0,
      "value" : 562.0
    },
    {
      "city" : 76,
      "weight" : 591.0,
      "value" : 412.0
    },
    {
      "city" : 76,
      "weight" : 89.0,
      "value" : 963.0
    },
    {
      "city" : 76,
      "weight" : 219.0,
      "value" : 973.0
    },
    {
      "city" : 76,
      "weight" : 310.0,
      "value" : 238.0
    },
    {
      "city" : 76,
      "weight" : 340.0,
      "value" : 993.0
    },
    {
      "city" : 76,
      "weight" : 220.0,
      "value" : 517.0
    },
    {
      "city" : 76,
      "weight" : 971.0,
      "value" : 345.0
    },
    {
      "city" : 76,
      "weight" : 354.0,
      "value" : 735.0
    },
    {
      "city" : 77,
      "weight" : 688.0,
      "value" : 502.0
    },
    {
      "city" : 77,
      "weight" : 330.0,
      "value" : 977.0
    },
    {
      "city" : 77,
      "weight" : 946.0,
      "value" : 810.0
    },
    {
      "city" : 77,
      "weight" : 473.0,
      "value" : 486.0
    },
    {
      "city" : 77,
      "weight" : 123.0,
      "value" : 988.0
    },
    {
      "city" : 77,
      "weight" : 861.0,
      "value" : 908.0
    },
    {
      "city" : 77,
      "weight" : 319.0,
      "value" : 305.0
    },
    {
      "city" : 77,
      "weight" : 160.0,
      "value" : 503.0
    },
    {
      "city" : 77,
      "weight" : 982.0,
      "value" : 333.0
    },
    {
      "city" : 77,
      "weight" : 669.0,
      "value" : 395.0
    },
    {
      "city" : 78,
      "weight" : 949.0,
      "value" : 287.0
    },
    {
      "city" : 78,
      "weight" : 613.0,
      "value" : 258.0
    },
    {
      "city" : 78,
      "weight" : 653.0,
      "value" : 954.0
    },
    {
      "city" : 78,
      "weight" : 127.0,
      "value" : 656.0
    },
    {
      "city" : 78,
      "weight" : 471.0,
      "value" : 843.0
    },
    {
      "city" : 78,
      "weight" : 282.0,
      "value" : 392.0
    },
    {
      "city" : 78,
      "weight" : 809.0,
      "value" : 148.0
    },
    {
      "city" : 78,
      "weight" : 908.0,
      "value" : 317.0
    },
    {
      "city" : 78,
      "weight" : 801.0,
      "value" : 820.0
    },
    {
      "city" : 78,
      "weight" : 756.0,
      "value" : 156.0
    },
    {
      "city" : 79,
      "weight" : 604.0,
      "value" : 290.0
    },
    {
      "city" : 79,
      "weight" : 278.0,
      "value" : 626.0
    },
    {
      "city" : 79,
      "weight" : 291.0,
      "value" : 908.0
    },
    {
      "city" : 79,
      "weight" : 154.0,
      "value" : 350.0
    },
    {
      "city" : 79,
      "weight" : 732.0,
      "value" : 22.0
    },
    {
      "city" : 79,
      "weight" : 898.0,
      "value" : 774.0
    },
    {
      "city" : 79,
      "weight" : 985.0,
      "value" : 627.0
    },
    {
      "city" : 79,
      "weight" : 312.0,
      "value" : 729.0
    },
    {
      "city" : 79,
      "weight" : 205.0,
      "value" : 985.0
    },
    {
      "city" : 79,
      "weight" : 917.0,
      "value" : 899.0
    },
    {
      "city" : 80,
      "weight" : 664.0,
      "value" : 346.0
    },
    {
      "city" : 80,
      "weight" : 937.0,
      "value" : 687.0
    },
    {
      "city" : 80,
      "weight" : 12.0,
      "value" : 546.0
    },
    {
      "city" : 80,
      "weight" : 520.0,
      "value" : 357.0
    },
    {
      "city" : 80,
      "weight" : 725.0,
      "value" : 111.0
    },
    {
      "city" : 80,
      "weight" : 559.0,
      "value" : 551.0
    },
    {
      "city" : 80,
      "weight" : 330.0,
      "value" : 922.0
    },
    {
      "city" : 80,
      "weight" : 469.0,
      "value" : 279.0
    },
    {
      "city" : 80,
      "weight" : 544.0,
      "value" : 778.0
    },
    {
      "city" : 80,
      "weight" : 640.0,
      "value" : 709.0
    },
    {
      "city" : 81,
      "weight" : 821.0,
      "value" : 776.0
    },
    {
      "city" : 81,
      "weight" : 407.0,
      "value" : 880.0
    },
    {
      "city" : 81,
      "weight" : 558.0,
      "value" : 498.0
    },
    {
      "city" : 81,
      "weight" : 451.0,
      "value" : 139.0
    },
    {
      "city" : 81,
      "weight" : 181.0,
      "value" : 741.0
    },
    {
      "city" : 81,
      "weight" : 107.0,
      "value" : 619.0
    },
    {
      "city" : 81,
      "weight" : 174.0,
      "value" : 600.0
    },
    {
      "city" : 81,
      "weight" : 121.0,
      "value" : 652.0
    },
    {
      "city" : 81,
      "weight" : 282.0,
      "value" : 718.0
    },
    {
      "city" : 81,
      "weight" : 48.0,
      "value" : 658.0
    },
    {
      "city" : 82,
      "weight" : 314.0,
      "value" : 976.0
    },
    {
      "city" : 82,
      "weight" : 728.0,
      "value" : 312.0
    },
    {
      "city" : 82,
      "weight" : 743.0,
      "value" : 864.0
    },
    {
      "city" : 82,
      "weight" : 229.0,
      "value" : 177.0
    },
    {
      "city" : 82,
      "weight" : 799.0,
      "value" : 101.0
    },
    {
      "city" : 82,
      "weight" : 373.0,
      "value" : 314.0
    },
    {
      "city" : 82,
      "weight" : 560.0,
      "value" : 359.0
    },
    {
      "city" : 82,
      "weight" : 845.0,
      "value" : 229.0
    },
    {
      "city" : 82,
      "weight" : 713.0,
      "value" : 967.0
    },
    {
      "city" : 82,
      "weight" : 308.0,
      "value" : 610.0
    },
    {
      "city" : 83,
      "weight" : 872.0,
      "value" : 109.0
    },
    {
      "city" : 83,
      "weight" : 422.0,
      "value" : 428.0
    },
    {
      "city" : 83,
      "weight" : 803.0,
      "value" : 898.0
    },
    {
      "city" : 83,
      "weight" : 174.0,
      "value" : 525.0
    },
    {
      "city" : 83,
      "weight" : 43.0,
      "value" : 871.0
    },
    {
      "city" : 83,
      "weight" : 637.0,
      "value" : 620.0
    },
    {
      "city" : 83,
      "weight" : 642.0,
      "value" : 785.0
    },
    {
      "city" : 83,
      "weight" : 988.0,
      "value" : 221.0
    },
    {
      "city" : 83,
      "weight" : 844.0,
      "value" : 43.0
    },
    {
      "city" : 83,
      "weight" : 127.0,
      "value" : 741.0
    },
    {
      "city" : 84,
      "weight" : 213.0,
      "value" : 770.0
    },
    {
      "city" : 84,
      "weight" : 453.0,
      "value" : 207.0
    },
    {
      "city" : 84,
      "weight" : 935.0,
      "value" : 61.0
    },
    {
      "city" : 84,
      "weight" : 451.0,
      "value" : 94.0
    },
    {
      "city" : 84,
      "weight" : 908.0,
      "value" : 998.0
    },
    {
      "city" : 84,
      "weight" : 662.0,
      "value" : 308.0
    },
    {
      "city" : 84,
      "weight" : 505.0,
      "value" : 39.0
    },
    {
      "city" : 84,
      "weight" : 77.0,
      "value" : 673.0
    },
    {
      "city" : 84,
      "weight" : 422.0,
      "value" : 439.0
    },
    {
      "city" : 84,
      "weight" : 855.0,
      "value" : 151.0
    },
    {
      "city" : 85,
      "weight" : 352.0,
      "value" : 445.0
    },
    {
      "city" : 85,
      "weight" : 698.0,
      "value" : 175.0
    },
    {
      "city" : 85,
      "weight" : 175.0,
      "value" : 265.0
    },
    {
      "city" : 85,
      "weight" : 525.0,
      "value" : 705.0
    },
    {
      "city" : 85,
      "weight" : 59.0,
      "value" : 27.0
    },
    {
      "city" : 85,
      "weight" : 395.0,
      "value" : 276.0
    },
    {
      "city" : 85,
      "weight" : 184.0,
      "value" : 209.0
    },
    {
      "city" : 85,
      "weight" : 391.0,
      "value" : 492.0
    },
    {
      "city" : 85,
      "weight" : 376.0,
      "value" : 238.0
    },
    {
      "city" : 85,
      "weight" : 452.0,
      "value" : 85.0
    },
    {
      "city" : 86,
      "weight" : 575.0,
      "value" : 482.0
    },
    {
      "city" : 86,
      "weight" : 392.0,
      "value" : 384.0
    },
    {
      "city" : 86,
      "weight" : 361.0,
      "value" : 17.0
    },
    {
      "city" : 86,
      "weight" : 973.0,
      "value" : 257.0
    },
    {
      "city" : 86,
      "weight" : 182.0,
      "value" : 108.0
    },
    {
      "city" : 86,
      "weight" : 557.0,
      "value" : 217.0
    },
    {
      "city" : 86,
      "weight" : 526.0,
      "value" : 490.0
    },
    {
      "city" : 86,
      "weight" : 111.0,
      "value" : 409.0
    },
    {
      "city" : 86,
      "weight" : 487.0,
      "value" : 772.0
    },
    {
      "city" : 86,
      "weight" : 777.0,
      "value" : 794.0
    },
    {
      "city" : 87,
      "weight" : 958.0,
      "value" : 693.0
    },
    {
      "city" : 87,
      "weight" : 148.0,
      "value" : 835.0
    },
    {
      "city" : 87,
      "weight" : 758.0,
      "value" : 77.0
    },
    {
      "city" : 87,
      "weight" : 805.0,
      "value" : 501.0
    },
    {
      "city" : 87,
      "weight" : 462.0,
      "value" : 245.0
    },
    {
      "city" : 87,
      "weight" : 631.0,
      "value" : 580.0
    },
    {
      "city" : 87,
      "weight" : 49.0,
      "value" : 394.0
    },
    {
      "city" : 87,
      "weight" : 61.0,
      "value" : 839.0
    },
    {
      "city" : 87,
      "weight" : 145.0,
      "value" : 415.0
    },
    {
      "city" : 87,
      "weight" : 122.0,
      "value" : 608.0
    },
    {
      "city" : 88,
      "weight" : 422.0,
      "value" : 89.0
    },
    {
      "city" : 88,
      "weight" : 770.0,
      "value" : 222.0
    },
    {
      "city" : 88,
      "weight" : 376.0,
      "value" : 273.0
    },
    {
      "city" : 88,
      "weight" : 188.0,
      "value" : 326.0
    },
    {
      "city" : 88,
      "weight" : 610.0,
      "value" : 243.0
    },
    {
      "city" : 88,
      "weight" : 33.0,
      "value" : 375.0
    },
    {
      "city" : 88,
      "weight" : 201.0,
      "value" : 630.0
    },
    {
      "city" : 88,
      "weight" : 823.0,
      "value" : 643.0
    },
    {
      "city" : 88,
      "weight" : 661.0,
      "value" : 131.0
    },
    {
      "city" : 88,
      "weight" : 580.0,
      "value" : 904.0
    },
    {
      "city" : 89,
      "weight" : 373.0,
      "value" : 39.0
    },
    {
      "city" : 89,
      "weight" : 550.0,
      "value" : 508.0
    },
    {
      "city" : 89,
      "weight" : 884.0,
      "value" : 623.0
    },
    {
      "city" : 89,
      "weight" : 167.0,
      "value" : 690.0
    },
    {
      "city" : 89,
      "weight" : 848.0,
      "value" : 425.0
    },
    {
      "city" : 89,
      "weight" : 723.0,
      "value" : 660.0
    },
    {
      "city" : 89,
      "weight" : 148.0,
      "value" : 387.0
    },
    {
      "city" : 89,
      "weight" : 460.0,
      "value" : 904.0
    },
    {
      "city" : 89,
      "weight" : 810.0,
      "value" : 929.0
    },
    {
      "city" : 89,
      "weight" : 963.0,
      "value" : 195.0
    },
    {
      "city" : 90,
      "weight" : 802.0,
      "value" : 287.0
    },
    {
      "city" : 90,
      "weight" : 352.0,
      "value" : 157.0
    },
    {
      "city" : 90,
      "weight" : 628.0,
      "value" : 932.0
    },
    {
      "city" : 90,
      "weight" : 52.0,
      "value" : 913.0
    },
    {
      "city" : 90,
      "weight" : 59.0,
      "value" : 802.0
    },
    {
      "city" : 90,
      "weight" : 500.0,
      "value" : 666.0
    },
    {
      "city" : 90,
      "weight" : 78.0,
      "value" : 35.0
    },
    {
      "city" : 90,
      "weight" : 903.0,
      "value" : 385.0
    },
    {
      "city" : 90,
      "weight" : 378.0,
      "value" : 453.0
    },
    {
      "city" : 90,
      "weight" : 651.0,
      "value" : 495.0
    },
    {
      "city" : 91,
      "weight" : 856.0,
      "value" : 880.0
    },
    {
      "city" : 91,
      "weight" : 147.0,
      "value" : 485.0
    },
    {
      "city" : 91,
      "weight" : 721.0,
      "value" : 950.0
    },
    {
      "city" : 91,
      "weight" : 484.0,
      "value" : 310.0
    },
    {
      "city" : 91,
      "weight" : 989.0,
      "value" : 156.0
    },
    {
      "city" : 91,
      "weight" : 67.0,
      "value" : 630.0
    },
    {
      "city" : 91,
      "weight" : 175.0,
      "value" : 359.0
    },
    {
      "city" : 91,
      "weight" : 784.0,
      "value" : 817.0
    },
    {
      "city" : 91,
      "weight" : 27.0,
      "value" : 962.0
    },
    {
      "city" : 91,
      "weight" : 559.0,
      "value" : 835.0
    },
    {
      "city" : 92,
      "weight" : 158.0,
      "value" : 704.0
    },
    {
      "city" : 92,
      "weight" : 107.0,
      "value" : 242.0
    },
    {
      "city" : 92,
      "weight" : 966.0,
      "value" : 823.0
    },
    {
      "city" : 92,
      "weight" : 396.0,
      "value" : 631.0
    },
    {
      "city" : 92,
      "weight" : 26.0,
      "value" : 641.0
    },
    {
      "city" : 92,
      "weight" : 252.0,
      "value" : 752.0
    },
    {
      "city" : 92,
      "weight" : 850.0,
      "value" : 743.0
    },
    {
      "city" : 92,
      "weight" : 466.0,
      "value" : 285.0
    },
    {
      "city" : 92,
      "weight" : 563.0,
      "value" : 273.0
    },
    {
      "city" : 92,
      "weight" : 566.0,
      "value" : 334.0
    },
    {
      "city" : 93,
      "weight" : 321.0,
      "value" : 342.0
    },
    {
      "city" : 93,
      "weight" : 283.0,
      "value" : 591.0
    },
    {
      "city" : 93,
      "weight" : 287.0,
      "value" : 358.0
    },
    {
      "city" : 93,
      "weight" : 341.0,
      "value" : 321.0
    },
    {
      "city" : 93,
      "weight" : 897.0,
      "value" : 574.0
    },
    {
      "city" : 93,
      "weight" : 897.0,
      "value" : 325.0
    },
    {
      "city" : 93,
      "weight" : 507.0,
      "value" : 441.0
    },
    {
      "city" : 93,
      "weight" : 544.0,
      "value" : 566.0
    },
    {
      "city" : 93,
      "weight" : 597.0,
      "value" : 780.0
    },
    {
      "city" : 93,
      "weight" : 830.0,
      "value" : 979.0
    },
    {
      "city" : 94,
      "weight" : 165.0,
      "value" : 340.0
    },
    {
      "city" : 94,
      "weight" : 963.0,
      "value" : 838.0
    },
    {
      "city" : 94,
      "weight" : 926.0,
      "value" : 73.0
    },
    {
      "city" : 94,
      "weight" : 417.0,
      "value" : 507.0
    },
    {
      "city" : 94,
      "weight" : 143.0,
      "value" : 605.0
    },
    {
      "city" : 94,
      "weight" : 565.0,
      "value" : 483.0
    },
    {
      "city" : 94,
      "weight" : 252.0,
      "value" : 370.0
    },
    {
      "city" : 94,
      "weight" : 277.0,
      "value" : 8.0
    },
    {
      "city" : 94,
      "weight" : 804.0,
      "value" : 607.0
    },
    {
      "city" : 94,
      "weight" : 895.0,
      "value" : 113.0
    },
    {
      "city" : 95,
      "weight" : 54.0,
      "value" : 69.0
    },
    {
      "city" : 95,
      "weight" : 998.0,
      "value" : 443.0
    },
    {
      "city" : 95,
      "weight" : 121.0,
      "value" : 656.0
    },
    {
      "city" : 95,
      "weight" : 861.0,
      "value" : 8.0
    },
    {
      "city" : 95,
      "weight" : 850.0,
      "value" : 707.0
    },
    {
      "city" : 95,
      "weight" : 147.0,
      "value" : 683.0
    },
    {
      "city" : 95,
      "weight" : 397.0,
      "value" : 803.0
    },
    {
      "city" : 95,
      "weight" : 989.0,
      "value" : 417.0
    },
    {
      "city" : 95,
      "weight" : 548.0,
      "value" : 460.0
    },
    {
      "city" : 95,
      "weight" : 907.0,
      "value" : 719.0
    },
    {
      "city" : 96,
      "weight" : 429.0,
      "value" : 375.0
    },
    {
      "city" : 96,
      "weight" : 835.0,
      "value" : 33.0
    },
    {
      "city" : 96,
      "weight" : 612.0,
      "value" : 928.0
    },
    {
      "city" : 96,
      "weight" : 527.0,
      "value" : 908.0
    },
    {
      "city" : 96,
      "weight" : 29.0,
      "value" : 655.0
    },
    {
      "city" : 96,
      "weight" : 584.0,
      "value" : 197.0
    },
    {
      "city" : 96,
      "weight" : 614.0,
      "value" : 539.0
    },
    {
      "city" : 96,
      "weight" : 741.0,
      "value" : 555.0
    },
    {
      "city" : 96,
      "weight" : 30.0,
      "value" : 479.0
    },
    {
      "city" : 96,
      "weight" : 180.0,
      "value" : 505.0
    },
    {
      "city" : 97,
      "weight" : 714.0,
      "value" : 888.0
    },
    {
      "city" : 97,
      "weight" : 138.0,
      "value" : 513.0
    },
    {
      "city" : 97,
      "weight" : 361.0,
      "value" : 747.0
    },
    {
      "city" : 97,
      "weight" : 435.0,
      "value" : 861.0
    },
    {
      "city" : 97,
      "weight" : 565.0,
      "value" : 424.0
    },
    {
      "city" : 97,
      "weight" : 901.0,
      "value" : 591.0
    },
    {
      "city" : 97,
      "weight" : 918.0,
      "value" : 654.0
    },
    {
      "city" : 97,
      "weight" : 523.0,
      "value" : 668.0
    },
    {
      "city" : 97,
      "weight" : 272.0,
      "value" : 480.0
    },
    {
      "city" : 97,
      "weight" : 566.0,
      "value" : 391.0
    },
    {
      "city" : 98,
      "weight" : 931.0,
      "value" : 911.0
    },
    {
      "city" : 98,
      "weight" : 413.0,
      "value" : 740.0
    },
    {
      "city" : 98,
      "weight" : 632.0,
      "value" : 906.0
    },
    {
      "city" : 98,
      "weight" : 54.0,
      "value" : 963.0
    },
    {
      "city" : 98,
      "weight" : 309.0,
      "value" : 403.0
    },
    {
      "city" : 98,
      "weight" : 949.0,
      "value" : 437.0
    },
    {
      "city" : 98,
      "weight" : 399.0,
      "value" : 793.0
    },
    {
      "city" : 98,
      "weight" : 89.0,
      "value" : 665.0
    },
    {
      "city" : 98,
      "weight" : 375.0,
      "value" : 111.0
    },
    {
      "city" : 98,
      "weight" : 297.0,
      "value" : 864.0
    },
    {
      "city" : 99,
      "weight" : 189.0,
      "value" : 277.0
    },
    {
      "city" : 99,
      "weight" : 275.0,
      "value" : 945.0
    },
    {
      "city" : 99,
      "weight" : 694.0,
      "value" : 632.0
    },
    {
      "city" : 99,
      "weight" : 631.0,
      "value" : 176.0
    },
    {
      "city" : 99,
      "weight" : 713.0,
      "value" : 443.0
    },
    {
      "city" : 99,
      "weight" : 679.0,
      "value" : 293.0
    },
    {
      "city" : 99,
      "weight" : 49.0,
      "value" : 332.0
    },
    {
      "city" : 99,
      "weight" : 381.0,
      "value" : 174.0
    },
    {
      "city" : 99,
      "weight" : 792.0,
      "value" : 694.0
    },
    {
      "city" : 99,
      "weight" : 316.0,
      "value" : 159.0
    }
  ]
}