{
  "problemType" : "SingleObjective",
  "maxWeight" : 4371,
  "R" : 3.059,
  "minSpeed" : 0.1,
  "maxSpeed" : 1.0,
  "profitEvaluator" : {
    "type" : "NO_DROPPING"
  },
  "timeEvaluator" : {
    "type" : "STANDARD"
  },
  "cityType" : "XY_COORDINATES",
  "cities" : [
    [
      651.0,
      591.0
    ],
    [
      112.0,
      662.0
    ],
    [
      430.0,
      535.0
    ],
    [
      460.0,
      378.0
    ],
    [
      455.0,
      273.0
    ]
  ],
  "items" : [
    {
      "city" : 0,
      "weight" : 99.0,
      "value" : 388.0
    },
    {
      "city" : 0,
      "weight" : 406.0,
      "value" : 526.0
    },
    {
      "city" : 0,
      "weight" : 341.0,
      "value" : 181.0
    },
    {
      "city" : 0,
      "weight" : 776.0,
      "value" : 435.0
    },
    {
      "city" : 0,
      "weight" : 175.0,
      "value" : 1.0
    },
    {
      "city" : 0,
      "weight" : 808.0,
      "value" : 877.0
    },
    {
      "city" : 0,
      "weight" : 663.0,
      "value" : 408.0
    },
    {
      "city" : 0,
      "weight" : 422.0,
      "value" : 347.0
    },
    {
      "city" : 0,
      "weight" : 129.0,
      "value" : 722.0
    },
    {
      "city" : 0,
      "weight" : 259.0,
      "value" : 0.0
    },
    {
      "city" : 1,
      "weight" : 172.0,
      "value" : 106.0
    },
    {
      "city" : 1,
      "weight" : 449.0,
      "value" : 593.0
    },
    {
      "city" : 1,
      "weight" : 527.0,
      "value" : 521.0
    },
    {
      "city" : 1,
      "weight" : 124.0,
      "value" : 935.0
    },
    {
      "city" : 1,
      "weight" : 262.0,
      "value" : 450.0
    },
    {
      "city" : 1,
      "weight" : 106.0,
      "value" : 808.0
    },
    {
      "city" : 1,
      "weight" : 870.0,
      "value" : 526.0
    },
    {
      "city" : 1,
      "weight" : 587.0,
      "value" : 411.0
    },
    {
      "city" : 1,
      "weight" : 149.0,
      "value" : 565.0
    },
    {
      "city" : 1,
      "weight" : 274.0,
      "value" : 82.0
    },
    {
      "city" : 2,
      "weight" : 202.0,
      "value" : 942.0
    },
    {
      "city" : 2,
      "weight" : 485.0,
      "value" : 758.0
    },
    {
      "city" : 2,
      "weight" : 513.0,
      "value" : 11.0
    },
    {
      "city" : 2,
      "weight" : 622.0,
      "value" : 24.0
    },
    {
      "city" : 2,
      "weight" : 89.0,
      "value" : 61.0
    },
    {
      "city" : 2,
      "weight" : 417.0,
      "value" : 224.0
    },
    {
      "city" : 2,
      "weight" : 127.0,
      "value" : 84.0
    },
    {
      "city" : 2,
      "weight" : 805.0,
      "value" : 799.0
    },
    {
      "city" : 2,
      "weight" : 958.0,
      "value" : 821.0
    },
    {
      "city" : 2,
      "weight" : 335.0,
      "value" : 725.0
    },
    {
      "city" : 3,
      "weight" : 65.0,
      "value" : 775.0
    },
    {
      "city" : 3,
      "weight" : 787.0,
      "value" : 626.0
    },
    {
      "city" : 3,
      "weight" : 11.0,
      "value" : 177.0
    },
    {
      "city" : 3,
      "weight" : 684.0,
      "value" : 108.0
    },
    {
      "city" : 3,
      "weight" : 340.0,
      "value" : 6.0
    },
    {
      "city" : 3,
      "weight" : 536.0,
      "value" : 304.0
    },
    {
      "city" : 3,
      "weight" : 902.0,
      "value" : 242.0
    },
    {
      "city" : 3,
      "weight" : 695.0,
      "value" : 254.0
    },
    {
      "city" : 3,
      "weight" : 91.0,
      "value" : 296.0
    },
    {
      "city" : 3,
      "weight" : 584.0,
      "value" : 703.0
    },
    {
      "city" : 4,
      "weight" : 398.0,
      "value" : 909.0
    },
    {
      "city" : 4,
      "weight" : 75.0,
      "value" : 572.0
    },
    {
      "city" : 4,
      "weight" : 589.0,
      "value" : 780.0
    },
    {
      "city" : 4,
      "weight" : 808.0,
      "value" : 938.0
    },
    {
      "city" : 4,
      "weight" : 872.0,
      "value" : 364.0
    },
    {
      "city" : 4,
      "weight" : 474.0,
      "value" : 176.0
    },
    {
      "city" : 4,
      "weight" : 253.0,
      "value" : 2.0
    },
    {
      "city" : 4,
      "weight" : 403.0,
      "value" : 513.0
    },
    {
      "city" : 4,
      "weight" : 698.0,
      "value" : 221.0
    },
    {
      "city" : 4,
      "weight" : 441.0,
      "value" : 68.0
    }
  ]
}