{
  "problemType" : "SingleObjective",
  "maxWeight" : 187,
  "R" : 0.539,
  "minSpeed" : 0.1,
  "maxSpeed" : 1.0,
  "profitEvaluator" : {
    "type" : "NO_DROPPING"
  },
  "timeEvaluator" : {
    "type" : "STANDARD"
  },
  "cityType" : "XY_COORDINATES",
  "cities" : [
    [
      651.0,
      591.0
    ],
    [
      112.0,
      662.0
    ],
    [
      430.0,
      535.0
    ],
    [
      460.0,
      378.0
    ],
    [
      455.0,
      273.0
    ]
  ],
  "items" : [
    {
      "city" : 0,
      "weight" : 99.0,
      "value" : 388.0
    },
    {
      "city" : 1,
      "weight" : 172.0,
      "value" : 106.0
    },
    {
      "city" : 2,
      "weight" : 202.0,
      "value" : 942.0
    },
    {
      "city" : 3,
      "weight" : 65.0,
      "value" : 775.0
    },
    {
      "city" : 4,
      "weight" : 398.0,
      "value" : 909.0
    }
  ]
}