{
  "problemType" : "SingleObjective",
  "maxWeight" : 24236,
  "R" : 6.437,
  "minSpeed" : 0.1,
  "maxSpeed" : 1.0,
  "profitEvaluator" : {
    "type" : "NO_DROPPING"
  },
  "timeEvaluator" : {
    "type" : "STANDARD"
  },
  "cityType" : "XY_COORDINATES",
  "cities" : [
    [
      17.0,
      935.0
    ],
    [
      139.0,
      999.0
    ],
    [
      329.0,
      825.0
    ],
    [
      839.0,
      490.0
    ],
    [
      926.0,
      440.0
    ],
    [
      296.0,
      467.0
    ],
    [
      611.0,
      180.0
    ],
    [
      628.0,
      349.0
    ],
    [
      276.0,
      325.0
    ],
    [
      121.0,
      325.0
    ],
    [
      498.0,
      590.0
    ],
    [
      59.0,
      232.0
    ],
    [
      854.0,
      163.0
    ],
    [
      316.0,
      242.0
    ],
    [
      109.0,
      32.0
    ],
    [
      171.0,
      372.0
    ],
    [
      33.0,
      679.0
    ],
    [
      763.0,
      937.0
    ],
    [
      192.0,
      749.0
    ],
    [
      899.0,
      837.0
    ]
  ],
  "items" : [
    {
      "city" : 0,
      "weight" : 210.0,
      "value" : 788.0
    },
    {
      "city" : 0,
      "weight" : 733.0,
      "value" : 459.0
    },
    {
      "city" : 0,
      "weight" : 761.0,
      "value" : 326.0
    },
    {
      "city" : 0,
      "weight" : 522.0,
      "value" : 929.0
    },
    {
      "city" : 0,
      "weight" : 555.0,
      "value" : 765.0
    },
    {
      "city" : 1,
      "weight" : 345.0,
      "value" : 397.0
    },
    {
      "city" : 1,
      "weight" : 165.0,
      "value" : 74.0
    },
    {
      "city" : 1,
      "weight" : 618.0,
      "value" : 860.0
    },
    {
      "city" : 1,
      "weight" : 235.0,
      "value" : 495.0
    },
    {
      "city" : 1,
      "weight" : 314.0,
      "value" : 252.0
    },
    {
      "city" : 2,
      "weight" : 983.0,
      "value" : 641.0
    },
    {
      "city" : 2,
      "weight" : 340.0,
      "value" : 244.0
    },
    {
      "city" : 2,
      "weight" : 713.0,
      "value" : 644.0
    },
    {
      "city" : 2,
      "weight" : 194.0,
      "value" : 809.0
    },
    {
      "city" : 2,
      "weight" : 445.0,
      "value" : 770.0
    },
    {
      "city" : 3,
      "weight" : 941.0,
      "value" : 571.0
    },
    {
      "city" : 3,
      "weight" : 150.0,
      "value" : 350.0
    },
    {
      "city" : 3,
      "weight" : 20.0,
      "value" : 578.0
    },
    {
      "city" : 3,
      "weight" : 785.0,
      "value" : 571.0
    },
    {
      "city" : 3,
      "weight" : 833.0,
      "value" : 356.0
    },
    {
      "city" : 4,
      "weight" : 323.0,
      "value" : 103.0
    },
    {
      "city" : 4,
      "weight" : 25.0,
      "value" : 199.0
    },
    {
      "city" : 4,
      "weight" : 64.0,
      "value" : 840.0
    },
    {
      "city" : 4,
      "weight" : 660.0,
      "value" : 769.0
    },
    {
      "city" : 4,
      "weight" : 294.0,
      "value" : 939.0
    },
    {
      "city" : 5,
      "weight" : 390.0,
      "value" : 352.0
    },
    {
      "city" : 5,
      "weight" : 122.0,
      "value" : 478.0
    },
    {
      "city" : 5,
      "weight" : 595.0,
      "value" : 371.0
    },
    {
      "city" : 5,
      "weight" : 117.0,
      "value" : 551.0
    },
    {
      "city" : 5,
      "weight" : 559.0,
      "value" : 357.0
    },
    {
      "city" : 6,
      "weight" : 74.0,
      "value" : 102.0
    },
    {
      "city" : 6,
      "weight" : 436.0,
      "value" : 282.0
    },
    {
      "city" : 6,
      "weight" : 772.0,
      "value" : 48.0
    },
    {
      "city" : 6,
      "weight" : 365.0,
      "value" : 140.0
    },
    {
      "city" : 6,
      "weight" : 122.0,
      "value" : 638.0
    },
    {
      "city" : 7,
      "weight" : 775.0,
      "value" : 986.0
    },
    {
      "city" : 7,
      "weight" : 721.0,
      "value" : 738.0
    },
    {
      "city" : 7,
      "weight" : 761.0,
      "value" : 447.0
    },
    {
      "city" : 7,
      "weight" : 235.0,
      "value" : 310.0
    },
    {
      "city" : 7,
      "weight" : 831.0,
      "value" : 760.0
    },
    {
      "city" : 8,
      "weight" : 725.0,
      "value" : 574.0
    },
    {
      "city" : 8,
      "weight" : 339.0,
      "value" : 912.0
    },
    {
      "city" : 8,
      "weight" : 748.0,
      "value" : 971.0
    },
    {
      "city" : 8,
      "weight" : 767.0,
      "value" : 71.0
    },
    {
      "city" : 8,
      "weight" : 908.0,
      "value" : 912.0
    },
    {
      "city" : 9,
      "weight" : 192.0,
      "value" : 272.0
    },
    {
      "city" : 9,
      "weight" : 314.0,
      "value" : 244.0
    },
    {
      "city" : 9,
      "weight" : 497.0,
      "value" : 653.0
    },
    {
      "city" : 9,
      "weight" : 610.0,
      "value" : 141.0
    },
    {
      "city" : 9,
      "weight" : 884.0,
      "value" : 768.0
    },
    {
      "city" : 10,
      "weight" : 74.0,
      "value" : 237.0
    },
    {
      "city" : 10,
      "weight" : 961.0,
      "value" : 776.0
    },
    {
      "city" : 10,
      "weight" : 770.0,
      "value" : 222.0
    },
    {
      "city" : 10,
      "weight" : 464.0,
      "value" : 261.0
    },
    {
      "city" : 10,
      "weight" : 914.0,
      "value" : 724.0
    },
    {
      "city" : 11,
      "weight" : 159.0,
      "value" : 358.0
    },
    {
      "city" : 11,
      "weight" : 571.0,
      "value" : 644.0
    },
    {
      "city" : 11,
      "weight" : 305.0,
      "value" : 975.0
    },
    {
      "city" : 11,
      "weight" : 902.0,
      "value" : 678.0
    },
    {
      "city" : 11,
      "weight" : 684.0,
      "value" : 552.0
    },
    {
      "city" : 12,
      "weight" : 728.0,
      "value" : 503.0
    },
    {
      "city" : 12,
      "weight" : 822.0,
      "value" : 361.0
    },
    {
      "city" : 12,
      "weight" : 355.0,
      "value" : 955.0
    },
    {
      "city" : 12,
      "weight" : 103.0,
      "value" : 122.0
    },
    {
      "city" : 12,
      "weight" : 5.0,
      "value" : 706.0
    },
    {
      "city" : 13,
      "weight" : 846.0,
      "value" : 262.0
    },
    {
      "city" : 13,
      "weight" : 418.0,
      "value" : 49.0
    },
    {
      "city" : 13,
      "weight" : 459.0,
      "value" : 257.0
    },
    {
      "city" : 13,
      "weight" : 815.0,
      "value" : 817.0
    },
    {
      "city" : 13,
      "weight" : 34.0,
      "value" : 287.0
    },
    {
      "city" : 14,
      "weight" : 77.0,
      "value" : 776.0
    },
    {
      "city" : 14,
      "weight" : 24.0,
      "value" : 284.0
    },
    {
      "city" : 14,
      "weight" : 903.0,
      "value" : 492.0
    },
    {
      "city" : 14,
      "weight" : 885.0,
      "value" : 937.0
    },
    {
      "city" : 14,
      "weight" : 516.0,
      "value" : 517.0
    },
    {
      "city" : 15,
      "weight" : 772.0,
      "value" : 496.0
    },
    {
      "city" : 15,
      "weight" : 886.0,
      "value" : 851.0
    },
    {
      "city" : 15,
      "weight" : 518.0,
      "value" : 923.0
    },
    {
      "city" : 15,
      "weight" : 350.0,
      "value" : 425.0
    },
    {
      "city" : 15,
      "weight" : 430.0,
      "value" : 376.0
    },
    {
      "city" : 16,
      "weight" : 687.0,
      "value" : 957.0
    },
    {
      "city" : 16,
      "weight" : 270.0,
      "value" : 3.0
    },
    {
      "city" : 16,
      "weight" : 562.0,
      "value" : 645.0
    },
    {
      "city" : 16,
      "weight" : 973.0,
      "value" : 961.0
    },
    {
      "city" : 16,
      "weight" : 76.0,
      "value" : 165.0
    },
    {
      "city" : 17,
      "weight" : 731.0,
      "value" : 88.0
    },
    {
      "city" : 17,
      "weight" : 757.0,
      "value" : 460.0
    },
    {
      "city" : 17,
      "weight" : 373.0,
      "value" : 406.0
    },
    {
      "city" : 17,
      "weight" : 254.0,
      "value" : 956.0
    },
    {
      "city" : 17,
      "weight" : 659.0,
      "value" : 950.0
    },
    {
      "city" : 18,
      "weight" : 387.0,
      "value" : 273.0
    },
    {
      "city" : 18,
      "weight" : 821.0,
      "value" : 344.0
    },
    {
      "city" : 18,
      "weight" : 462.0,
      "value" : 288.0
    },
    {
      "city" : 18,
      "weight" : 105.0,
      "value" : 834.0
    },
    {
      "city" : 18,
      "weight" : 78.0,
      "value" : 859.0
    },
    {
      "city" : 19,
      "weight" : 430.0,
      "value" : 837.0
    },
    {
      "city" : 19,
      "weight" : 58.0,
      "value" : 692.0
    },
    {
      "city" : 19,
      "weight" : 84.0,
      "value" : 203.0
    },
    {
      "city" : 19,
      "weight" : 214.0,
      "value" : 588.0
    },
    {
      "city" : 19,
      "weight" : 654.0,
      "value" : 653.0
    }
  ]
}