{
  "problemType" : "SingleObjective",
  "maxWeight" : 59110,
  "R" : 13.441,
  "minSpeed" : 0.1,
  "maxSpeed" : 1.0,
  "profitEvaluator" : {
    "type" : "NO_DROPPING"
  },
  "timeEvaluator" : {
    "type" : "STANDARD"
  },
  "cityType" : "XY_COORDINATES",
  "cities" : [
    [
      281.0,
      886.0
    ],
    [
      183.0,
      750.0
    ],
    [
      674.0,
      492.0
    ],
    [
      242.0,
      393.0
    ],
    [
      201.0,
      960.0
    ],
    [
      910.0,
      96.0
    ],
    [
      826.0,
      965.0
    ],
    [
      57.0,
      617.0
    ],
    [
      844.0,
      464.0
    ],
    [
      359.0,
      732.0
    ],
    [
      961.0,
      771.0
    ],
    [
      620.0,
      429.0
    ],
    [
      830.0,
      165.0
    ],
    [
      549.0,
      42.0
    ],
    [
      618.0,
      0.0
    ],
    [
      349.0,
      570.0
    ],
    [
      804.0,
      7.0
    ],
    [
      347.0,
      576.0
    ],
    [
      508.0,
      722.0
    ],
    [
      489.0,
      971.0
    ],
    [
      484.0,
      328.0
    ],
    [
      135.0,
      636.0
    ],
    [
      544.0,
      263.0
    ],
    [
      46.0,
      604.0
    ],
    [
      856.0,
      82.0
    ],
    [
      769.0,
      479.0
    ],
    [
      110.0,
      520.0
    ],
    [
      981.0,
      776.0
    ],
    [
      667.0,
      893.0
    ],
    [
      241.0,
      545.0
    ],
    [
      556.0,
      63.0
    ],
    [
      472.0,
      352.0
    ],
    [
      97.0,
      151.0
    ],
    [
      291.0,
      801.0
    ],
    [
      902.0,
      690.0
    ],
    [
      116.0,
      644.0
    ],
    [
      811.0,
      83.0
    ],
    [
      774.0,
      348.0
    ],
    [
      246.0,
      511.0
    ],
    [
      88.0,
      705.0
    ],
    [
      728.0,
      685.0
    ],
    [
      856.0,
      915.0
    ],
    [
      845.0,
      960.0
    ],
    [
      332.0,
      243.0
    ],
    [
      213.0,
      946.0
    ],
    [
      379.0,
      215.0
    ],
    [
      895.0,
      687.0
    ],
    [
      338.0,
      146.0
    ],
    [
      558.0,
      810.0
    ],
    [
      939.0,
      702.0
    ]
  ],
  "items" : [
    {
      "city" : 0,
      "weight" : 150.0,
      "value" : 912.0
    },
    {
      "city" : 0,
      "weight" : 633.0,
      "value" : 239.0
    },
    {
      "city" : 0,
      "weight" : 771.0,
      "value" : 811.0
    },
    {
      "city" : 0,
      "weight" : 397.0,
      "value" : 602.0
    },
    {
      "city" : 0,
      "weight" : 301.0,
      "value" : 254.0
    },
    {
      "city" : 1,
      "weight" : 400.0,
      "value" : 387.0
    },
    {
      "city" : 1,
      "weight" : 150.0,
      "value" : 852.0
    },
    {
      "city" : 1,
      "weight" : 864.0,
      "value" : 841.0
    },
    {
      "city" : 1,
      "weight" : 375.0,
      "value" : 965.0
    },
    {
      "city" : 1,
      "weight" : 374.0,
      "value" : 953.0
    },
    {
      "city" : 2,
      "weight" : 37.0,
      "value" : 491.0
    },
    {
      "city" : 2,
      "weight" : 875.0,
      "value" : 466.0
    },
    {
      "city" : 2,
      "weight" : 265.0,
      "value" : 669.0
    },
    {
      "city" : 2,
      "weight" : 286.0,
      "value" : 588.0
    },
    {
      "city" : 2,
      "weight" : 27.0,
      "value" : 356.0
    },
    {
      "city" : 3,
      "weight" : 548.0,
      "value" : 307.0
    },
    {
      "city" : 3,
      "weight" : 677.0,
      "value" : 930.0
    },
    {
      "city" : 3,
      "weight" : 279.0,
      "value" : 947.0
    },
    {
      "city" : 3,
      "weight" : 245.0,
      "value" : 743.0
    },
    {
      "city" : 3,
      "weight" : 850.0,
      "value" : 610.0
    },
    {
      "city" : 4,
      "weight" : 514.0,
      "value" : 430.0
    },
    {
      "city" : 4,
      "weight" : 86.0,
      "value" : 834.0
    },
    {
      "city" : 4,
      "weight" : 499.0,
      "value" : 439.0
    },
    {
      "city" : 4,
      "weight" : 795.0,
      "value" : 753.0
    },
    {
      "city" : 4,
      "weight" : 815.0,
      "value" : 661.0
    },
    {
      "city" : 5,
      "weight" : 500.0,
      "value" : 681.0
    },
    {
      "city" : 5,
      "weight" : 279.0,
      "value" : 809.0
    },
    {
      "city" : 5,
      "weight" : 458.0,
      "value" : 166.0
    },
    {
      "city" : 5,
      "weight" : 874.0,
      "value" : 185.0
    },
    {
      "city" : 5,
      "weight" : 671.0,
      "value" : 552.0
    },
    {
      "city" : 6,
      "weight" : 602.0,
      "value" : 242.0
    },
    {
      "city" : 6,
      "weight" : 465.0,
      "value" : 147.0
    },
    {
      "city" : 6,
      "weight" : 381.0,
      "value" : 379.0
    },
    {
      "city" : 6,
      "weight" : 362.0,
      "value" : 173.0
    },
    {
      "city" : 6,
      "weight" : 25.0,
      "value" : 383.0
    },
    {
      "city" : 7,
      "weight" : 924.0,
      "value" : 179.0
    },
    {
      "city" : 7,
      "weight" : 74.0,
      "value" : 233.0
    },
    {
      "city" : 7,
      "weight" : 659.0,
      "value" : 116.0
    },
    {
      "city" : 7,
      "weight" : 639.0,
      "value" : 321.0
    },
    {
      "city" : 7,
      "weight" : 720.0,
      "value" : 355.0
    },
    {
      "city" : 8,
      "weight" : 75.0,
      "value" : 28.0
    },
    {
      "city" : 8,
      "weight" : 679.0,
      "value" : 695.0
    },
    {
      "city" : 8,
      "weight" : 639.0,
      "value" : 771.0
    },
    {
      "city" : 8,
      "weight" : 637.0,
      "value" : 20.0
    },
    {
      "city" : 8,
      "weight" : 323.0,
      "value" : 697.0
    },
    {
      "city" : 9,
      "weight" : 361.0,
      "value" : 900.0
    },
    {
      "city" : 9,
      "weight" : 81.0,
      "value" : 281.0
    },
    {
      "city" : 9,
      "weight" : 475.0,
      "value" : 643.0
    },
    {
      "city" : 9,
      "weight" : 208.0,
      "value" : 883.0
    },
    {
      "city" : 9,
      "weight" : 911.0,
      "value" : 285.0
    },
    {
      "city" : 10,
      "weight" : 331.0,
      "value" : 824.0
    },
    {
      "city" : 10,
      "weight" : 25.0,
      "value" : 308.0
    },
    {
      "city" : 10,
      "weight" : 793.0,
      "value" : 664.0
    },
    {
      "city" : 10,
      "weight" : 823.0,
      "value" : 514.0
    },
    {
      "city" : 10,
      "weight" : 75.0,
      "value" : 149.0
    },
    {
      "city" : 11,
      "weight" : 56.0,
      "value" : 514.0
    },
    {
      "city" : 11,
      "weight" : 470.0,
      "value" : 610.0
    },
    {
      "city" : 11,
      "weight" : 382.0,
      "value" : 145.0
    },
    {
      "city" : 11,
      "weight" : 136.0,
      "value" : 561.0
    },
    {
      "city" : 11,
      "weight" : 793.0,
      "value" : 61.0
    },
    {
      "city" : 12,
      "weight" : 92.0,
      "value" : 506.0
    },
    {
      "city" : 12,
      "weight" : 393.0,
      "value" : 606.0
    },
    {
      "city" : 12,
      "weight" : 17.0,
      "value" : 419.0
    },
    {
      "city" : 12,
      "weight" : 742.0,
      "value" : 910.0
    },
    {
      "city" : 12,
      "weight" : 823.0,
      "value" : 771.0
    },
    {
      "city" : 13,
      "weight" : 733.0,
      "value" : 458.0
    },
    {
      "city" : 13,
      "weight" : 998.0,
      "value" : 265.0
    },
    {
      "city" : 13,
      "weight" : 322.0,
      "value" : 111.0
    },
    {
      "city" : 13,
      "weight" : 462.0,
      "value" : 932.0
    },
    {
      "city" : 13,
      "weight" : 112.0,
      "value" : 201.0
    },
    {
      "city" : 14,
      "weight" : 81.0,
      "value" : 171.0
    },
    {
      "city" : 14,
      "weight" : 109.0,
      "value" : 38.0
    },
    {
      "city" : 14,
      "weight" : 254.0,
      "value" : 359.0
    },
    {
      "city" : 14,
      "weight" : 2.0,
      "value" : 485.0
    },
    {
      "city" : 14,
      "weight" : 172.0,
      "value" : 346.0
    },
    {
      "city" : 15,
      "weight" : 836.0,
      "value" : 727.0
    },
    {
      "city" : 15,
      "weight" : 161.0,
      "value" : 163.0
    },
    {
      "city" : 15,
      "weight" : 357.0,
      "value" : 883.0
    },
    {
      "city" : 15,
      "weight" : 323.0,
      "value" : 9.0
    },
    {
      "city" : 15,
      "weight" : 775.0,
      "value" : 740.0
    },
    {
      "city" : 16,
      "weight" : 264.0,
      "value" : 368.0
    },
    {
      "city" : 16,
      "weight" : 919.0,
      "value" : 59.0
    },
    {
      "city" : 16,
      "weight" : 304.0,
      "value" : 447.0
    },
    {
      "city" : 16,
      "weight" : 880.0,
      "value" : 242.0
    },
    {
      "city" : 16,
      "weight" : 363.0,
      "value" : 417.0
    },
    {
      "city" : 17,
      "weight" : 0.0,
      "value" : 522.0
    },
    {
      "city" : 17,
      "weight" : 196.0,
      "value" : 820.0
    },
    {
      "city" : 17,
      "weight" : 739.0,
      "value" : 725.0
    },
    {
      "city" : 17,
      "weight" : 636.0,
      "value" : 943.0
    },
    {
      "city" : 17,
      "weight" : 269.0,
      "value" : 263.0
    },
    {
      "city" : 18,
      "weight" : 708.0,
      "value" : 975.0
    },
    {
      "city" : 18,
      "weight" : 77.0,
      "value" : 845.0
    },
    {
      "city" : 18,
      "weight" : 542.0,
      "value" : 187.0
    },
    {
      "city" : 18,
      "weight" : 115.0,
      "value" : 651.0
    },
    {
      "city" : 18,
      "weight" : 617.0,
      "value" : 132.0
    },
    {
      "city" : 19,
      "weight" : 614.0,
      "value" : 619.0
    },
    {
      "city" : 19,
      "weight" : 717.0,
      "value" : 456.0
    },
    {
      "city" : 19,
      "weight" : 633.0,
      "value" : 547.0
    },
    {
      "city" : 19,
      "weight" : 402.0,
      "value" : 869.0
    },
    {
      "city" : 19,
      "weight" : 57.0,
      "value" : 83.0
    },
    {
      "city" : 20,
      "weight" : 374.0,
      "value" : 739.0
    },
    {
      "city" : 20,
      "weight" : 473.0,
      "value" : 881.0
    },
    {
      "city" : 20,
      "weight" : 619.0,
      "value" : 414.0
    },
    {
      "city" : 20,
      "weight" : 144.0,
      "value" : 215.0
    },
    {
      "city" : 20,
      "weight" : 713.0,
      "value" : 370.0
    },
    {
      "city" : 21,
      "weight" : 573.0,
      "value" : 270.0
    },
    {
      "city" : 21,
      "weight" : 778.0,
      "value" : 698.0
    },
    {
      "city" : 21,
      "weight" : 153.0,
      "value" : 568.0
    },
    {
      "city" : 21,
      "weight" : 3.0,
      "value" : 841.0
    },
    {
      "city" : 21,
      "weight" : 46.0,
      "value" : 453.0
    },
    {
      "city" : 22,
      "weight" : 591.0,
      "value" : 726.0
    },
    {
      "city" : 22,
      "weight" : 919.0,
      "value" : 589.0
    },
    {
      "city" : 22,
      "weight" : 949.0,
      "value" : 283.0
    },
    {
      "city" : 22,
      "weight" : 940.0,
      "value" : 347.0
    },
    {
      "city" : 22,
      "weight" : 624.0,
      "value" : 843.0
    },
    {
      "city" : 23,
      "weight" : 452.0,
      "value" : 9.0
    },
    {
      "city" : 23,
      "weight" : 335.0,
      "value" : 706.0
    },
    {
      "city" : 23,
      "weight" : 130.0,
      "value" : 319.0
    },
    {
      "city" : 23,
      "weight" : 884.0,
      "value" : 994.0
    },
    {
      "city" : 23,
      "weight" : 571.0,
      "value" : 115.0
    },
    {
      "city" : 24,
      "weight" : 92.0,
      "value" : 910.0
    },
    {
      "city" : 24,
      "weight" : 782.0,
      "value" : 805.0
    },
    {
      "city" : 24,
      "weight" : 556.0,
      "value" : 318.0
    },
    {
      "city" : 24,
      "weight" : 964.0,
      "value" : 108.0
    },
    {
      "city" : 24,
      "weight" : 68.0,
      "value" : 783.0
    },
    {
      "city" : 25,
      "weight" : 183.0,
      "value" : 378.0
    },
    {
      "city" : 25,
      "weight" : 850.0,
      "value" : 601.0
    },
    {
      "city" : 25,
      "weight" : 195.0,
      "value" : 229.0
    },
    {
      "city" : 25,
      "weight" : 942.0,
      "value" : 79.0
    },
    {
      "city" : 25,
      "weight" : 834.0,
      "value" : 195.0
    },
    {
      "city" : 26,
      "weight" : 70.0,
      "value" : 208.0
    },
    {
      "city" : 26,
      "weight" : 461.0,
      "value" : 846.0
    },
    {
      "city" : 26,
      "weight" : 12.0,
      "value" : 695.0
    },
    {
      "city" : 26,
      "weight" : 456.0,
      "value" : 678.0
    },
    {
      "city" : 26,
      "weight" : 10.0,
      "value" : 922.0
    },
    {
      "city" : 27,
      "weight" : 200.0,
      "value" : 765.0
    },
    {
      "city" : 27,
      "weight" : 92.0,
      "value" : 233.0
    },
    {
      "city" : 27,
      "weight" : 811.0,
      "value" : 956.0
    },
    {
      "city" : 27,
      "weight" : 115.0,
      "value" : 368.0
    },
    {
      "city" : 27,
      "weight" : 770.0,
      "value" : 434.0
    },
    {
      "city" : 28,
      "weight" : 132.0,
      "value" : 673.0
    },
    {
      "city" : 28,
      "weight" : 36.0,
      "value" : 848.0
    },
    {
      "city" : 28,
      "weight" : 31.0,
      "value" : 88.0
    },
    {
      "city" : 28,
      "weight" : 382.0,
      "value" : 59.0
    },
    {
      "city" : 28,
      "weight" : 715.0,
      "value" : 403.0
    },
    {
      "city" : 29,
      "weight" : 798.0,
      "value" : 410.0
    },
    {
      "city" : 29,
      "weight" : 399.0,
      "value" : 32.0
    },
    {
      "city" : 29,
      "weight" : 256.0,
      "value" : 852.0
    },
    {
      "city" : 29,
      "weight" : 379.0,
      "value" : 738.0
    },
    {
      "city" : 29,
      "weight" : 228.0,
      "value" : 793.0
    },
    {
      "city" : 30,
      "weight" : 992.0,
      "value" : 348.0
    },
    {
      "city" : 30,
      "weight" : 132.0,
      "value" : 553.0
    },
    {
      "city" : 30,
      "weight" : 882.0,
      "value" : 328.0
    },
    {
      "city" : 30,
      "weight" : 991.0,
      "value" : 656.0
    },
    {
      "city" : 30,
      "weight" : 826.0,
      "value" : 404.0
    },
    {
      "city" : 31,
      "weight" : 429.0,
      "value" : 605.0
    },
    {
      "city" : 31,
      "weight" : 599.0,
      "value" : 667.0
    },
    {
      "city" : 31,
      "weight" : 715.0,
      "value" : 301.0
    },
    {
      "city" : 31,
      "weight" : 903.0,
      "value" : 457.0
    },
    {
      "city" : 31,
      "weight" : 487.0,
      "value" : 308.0
    },
    {
      "city" : 32,
      "weight" : 796.0,
      "value" : 869.0
    },
    {
      "city" : 32,
      "weight" : 724.0,
      "value" : 420.0
    },
    {
      "city" : 32,
      "weight" : 474.0,
      "value" : 768.0
    },
    {
      "city" : 32,
      "weight" : 119.0,
      "value" : 593.0
    },
    {
      "city" : 32,
      "weight" : 428.0,
      "value" : 412.0
    },
    {
      "city" : 33,
      "weight" : 169.0,
      "value" : 647.0
    },
    {
      "city" : 33,
      "weight" : 134.0,
      "value" : 758.0
    },
    {
      "city" : 33,
      "weight" : 676.0,
      "value" : 687.0
    },
    {
      "city" : 33,
      "weight" : 737.0,
      "value" : 597.0
    },
    {
      "city" : 33,
      "weight" : 16.0,
      "value" : 821.0
    },
    {
      "city" : 34,
      "weight" : 567.0,
      "value" : 412.0
    },
    {
      "city" : 34,
      "weight" : 785.0,
      "value" : 457.0
    },
    {
      "city" : 34,
      "weight" : 627.0,
      "value" : 955.0
    },
    {
      "city" : 34,
      "weight" : 526.0,
      "value" : 533.0
    },
    {
      "city" : 34,
      "weight" : 940.0,
      "value" : 487.0
    },
    {
      "city" : 35,
      "weight" : 432.0,
      "value" : 642.0
    },
    {
      "city" : 35,
      "weight" : 551.0,
      "value" : 593.0
    },
    {
      "city" : 35,
      "weight" : 504.0,
      "value" : 538.0
    },
    {
      "city" : 35,
      "weight" : 366.0,
      "value" : 815.0
    },
    {
      "city" : 35,
      "weight" : 49.0,
      "value" : 5.0
    },
    {
      "city" : 36,
      "weight" : 687.0,
      "value" : 302.0
    },
    {
      "city" : 36,
      "weight" : 489.0,
      "value" : 686.0
    },
    {
      "city" : 36,
      "weight" : 389.0,
      "value" : 27.0
    },
    {
      "city" : 36,
      "weight" : 518.0,
      "value" : 692.0
    },
    {
      "city" : 36,
      "weight" : 707.0,
      "value" : 247.0
    },
    {
      "city" : 37,
      "weight" : 532.0,
      "value" : 786.0
    },
    {
      "city" : 37,
      "weight" : 38.0,
      "value" : 103.0
    },
    {
      "city" : 37,
      "weight" : 843.0,
      "value" : 545.0
    },
    {
      "city" : 37,
      "weight" : 897.0,
      "value" : 509.0
    },
    {
      "city" : 37,
      "weight" : 308.0,
      "value" : 435.0
    },
    {
      "city" : 38,
      "weight" : 540.0,
      "value" : 69.0
    },
    {
      "city" : 38,
      "weight" : 860.0,
      "value" : 59.0
    },
    {
      "city" : 38,
      "weight" : 611.0,
      "value" : 758.0
    },
    {
      "city" : 38,
      "weight" : 881.0,
      "value" : 556.0
    },
    {
      "city" : 38,
      "weight" : 921.0,
      "value" : 908.0
    },
    {
      "city" : 39,
      "weight" : 17.0,
      "value" : 71.0
    },
    {
      "city" : 39,
      "weight" : 307.0,
      "value" : 768.0
    },
    {
      "city" : 39,
      "weight" : 411.0,
      "value" : 521.0
    },
    {
      "city" : 39,
      "weight" : 718.0,
      "value" : 737.0
    },
    {
      "city" : 39,
      "weight" : 805.0,
      "value" : 701.0
    },
    {
      "city" : 40,
      "weight" : 607.0,
      "value" : 295.0
    },
    {
      "city" : 40,
      "weight" : 495.0,
      "value" : 786.0
    },
    {
      "city" : 40,
      "weight" : 497.0,
      "value" : 920.0
    },
    {
      "city" : 40,
      "weight" : 217.0,
      "value" : 659.0
    },
    {
      "city" : 40,
      "weight" : 330.0,
      "value" : 303.0
    },
    {
      "city" : 41,
      "weight" : 761.0,
      "value" : 599.0
    },
    {
      "city" : 41,
      "weight" : 593.0,
      "value" : 894.0
    },
    {
      "city" : 41,
      "weight" : 763.0,
      "value" : 336.0
    },
    {
      "city" : 41,
      "weight" : 871.0,
      "value" : 488.0
    },
    {
      "city" : 41,
      "weight" : 402.0,
      "value" : 514.0
    },
    {
      "city" : 42,
      "weight" : 229.0,
      "value" : 780.0
    },
    {
      "city" : 42,
      "weight" : 326.0,
      "value" : 93.0
    },
    {
      "city" : 42,
      "weight" : 873.0,
      "value" : 793.0
    },
    {
      "city" : 42,
      "weight" : 859.0,
      "value" : 127.0
    },
    {
      "city" : 42,
      "weight" : 576.0,
      "value" : 844.0
    },
    {
      "city" : 43,
      "weight" : 49.0,
      "value" : 416.0
    },
    {
      "city" : 43,
      "weight" : 487.0,
      "value" : 373.0
    },
    {
      "city" : 43,
      "weight" : 480.0,
      "value" : 977.0
    },
    {
      "city" : 43,
      "weight" : 798.0,
      "value" : 662.0
    },
    {
      "city" : 43,
      "weight" : 327.0,
      "value" : 714.0
    },
    {
      "city" : 44,
      "weight" : 436.0,
      "value" : 88.0
    },
    {
      "city" : 44,
      "weight" : 709.0,
      "value" : 354.0
    },
    {
      "city" : 44,
      "weight" : 642.0,
      "value" : 279.0
    },
    {
      "city" : 44,
      "weight" : 713.0,
      "value" : 185.0
    },
    {
      "city" : 44,
      "weight" : 880.0,
      "value" : 558.0
    },
    {
      "city" : 45,
      "weight" : 352.0,
      "value" : 843.0
    },
    {
      "city" : 45,
      "weight" : 435.0,
      "value" : 820.0
    },
    {
      "city" : 45,
      "weight" : 180.0,
      "value" : 428.0
    },
    {
      "city" : 45,
      "weight" : 336.0,
      "value" : 550.0
    },
    {
      "city" : 45,
      "weight" : 418.0,
      "value" : 933.0
    },
    {
      "city" : 46,
      "weight" : 873.0,
      "value" : 753.0
    },
    {
      "city" : 46,
      "weight" : 260.0,
      "value" : 402.0
    },
    {
      "city" : 46,
      "weight" : 742.0,
      "value" : 574.0
    },
    {
      "city" : 46,
      "weight" : 42.0,
      "value" : 985.0
    },
    {
      "city" : 46,
      "weight" : 156.0,
      "value" : 244.0
    },
    {
      "city" : 47,
      "weight" : 196.0,
      "value" : 172.0
    },
    {
      "city" : 47,
      "weight" : 982.0,
      "value" : 424.0
    },
    {
      "city" : 47,
      "weight" : 316.0,
      "value" : 281.0
    },
    {
      "city" : 47,
      "weight" : 450.0,
      "value" : 911.0
    },
    {
      "city" : 47,
      "weight" : 224.0,
      "value" : 56.0
    },
    {
      "city" : 48,
      "weight" : 172.0,
      "value" : 699.0
    },
    {
      "city" : 48,
      "weight" : 461.0,
      "value" : 455.0
    },
    {
      "city" : 48,
      "weight" : 351.0,
      "value" : 932.0
    },
    {
      "city" : 48,
      "weight" : 736.0,
      "value" : 810.0
    },
    {
      "city" : 48,
      "weight" : 221.0,
      "value" : 713.0
    },
    {
      "city" : 49,
      "weight" : 552.0,
      "value" : 822.0
    },
    {
      "city" : 49,
      "weight" : 752.0,
      "value" : 351.0
    },
    {
      "city" : 49,
      "weight" : 112.0,
      "value" : 181.0
    },
    {
      "city" : 49,
      "weight" : 555.0,
      "value" : 627.0
    },
    {
      "city" : 49,
      "weight" : 346.0,
      "value" : 639.0
    }
  ]
}