{
  "problemType" : "ProfitConstraint",
  "maxWeight" : 16543,
  "minProfitConstraint" : 16848.0,
  "minSpeed" : 0.1,
  "maxSpeed" : 1.0,
  "profitEvaluator" : {
    "type" : "NO_DROPPING"
  },
  "timeEvaluator" : {
    "type" : "STANDARD"
  },
  "cityType" : "XY_COORDINATES",
  "cities" : [
    [
      281.0,
      886.0
    ],
    [
      183.0,
      750.0
    ],
    [
      674.0,
      492.0
    ],
    [
      242.0,
      393.0
    ],
    [
      201.0,
      960.0
    ],
    [
      910.0,
      96.0
    ],
    [
      826.0,
      965.0
    ],
    [
      57.0,
      617.0
    ],
    [
      844.0,
      464.0
    ],
    [
      359.0,
      732.0
    ],
    [
      961.0,
      771.0
    ],
    [
      620.0,
      429.0
    ],
    [
      830.0,
      165.0
    ],
    [
      549.0,
      42.0
    ],
    [
      618.0,
      0.0
    ],
    [
      349.0,
      570.0
    ],
    [
      804.0,
      7.0
    ],
    [
      347.0,
      576.0
    ],
    [
      508.0,
      722.0
    ],
    [
      489.0,
      971.0
    ],
    [
      484.0,
      328.0
    ],
    [
      135.0,
      636.0
    ],
    [
      544.0,
      263.0
    ],
    [
      46.0,
      604.0
    ],
    [
      856.0,
      82.0
    ],
    [
      769.0,
      479.0
    ],
    [
      110.0,
      520.0
    ],
    [
      981.0,
      776.0
    ],
    [
      667.0,
      893.0
    ],
    [
      241.0,
      545.0
    ],
    [
      556.0,
      63.0
    ],
    [
      472.0,
      352.0
    ],
    [
      97.0,
      151.0
    ],
    [
      291.0,
      801.0
    ],
    [
      902.0,
      690.0
    ],
    [
      116.0,
      644.0
    ],
    [
      811.0,
      83.0
    ],
    [
      774.0,
      348.0
    ],
    [
      246.0,
      511.0
    ],
    [
      88.0,
      705.0
    ],
    [
      728.0,
      685.0
    ],
    [
      856.0,
      915.0
    ],
    [
      845.0,
      960.0
    ],
    [
      332.0,
      243.0
    ],
    [
      213.0,
      946.0
    ],
    [
      379.0,
      215.0
    ],
    [
      895.0,
      687.0
    ],
    [
      338.0,
      146.0
    ],
    [
      558.0,
      810.0
    ],
    [
      939.0,
      702.0
    ]
  ],
  "items" : [
    {
      "city" : 0,
      "weight" : 150.0,
      "value" : 912.0
    },
    {
      "city" : 1,
      "weight" : 400.0,
      "value" : 387.0
    },
    {
      "city" : 2,
      "weight" : 37.0,
      "value" : 491.0
    },
    {
      "city" : 3,
      "weight" : 548.0,
      "value" : 307.0
    },
    {
      "city" : 4,
      "weight" : 514.0,
      "value" : 430.0
    },
    {
      "city" : 5,
      "weight" : 500.0,
      "value" : 681.0
    },
    {
      "city" : 6,
      "weight" : 602.0,
      "value" : 242.0
    },
    {
      "city" : 7,
      "weight" : 924.0,
      "value" : 179.0
    },
    {
      "city" : 8,
      "weight" : 75.0,
      "value" : 28.0
    },
    {
      "city" : 9,
      "weight" : 361.0,
      "value" : 900.0
    },
    {
      "city" : 10,
      "weight" : 331.0,
      "value" : 824.0
    },
    {
      "city" : 11,
      "weight" : 56.0,
      "value" : 514.0
    },
    {
      "city" : 12,
      "weight" : 92.0,
      "value" : 506.0
    },
    {
      "city" : 13,
      "weight" : 733.0,
      "value" : 458.0
    },
    {
      "city" : 14,
      "weight" : 81.0,
      "value" : 171.0
    },
    {
      "city" : 15,
      "weight" : 836.0,
      "value" : 727.0
    },
    {
      "city" : 16,
      "weight" : 264.0,
      "value" : 368.0
    },
    {
      "city" : 17,
      "weight" : 0.0,
      "value" : 522.0
    },
    {
      "city" : 18,
      "weight" : 708.0,
      "value" : 975.0
    },
    {
      "city" : 19,
      "weight" : 614.0,
      "value" : 619.0
    },
    {
      "city" : 20,
      "weight" : 374.0,
      "value" : 739.0
    },
    {
      "city" : 21,
      "weight" : 573.0,
      "value" : 270.0
    },
    {
      "city" : 22,
      "weight" : 591.0,
      "value" : 726.0
    },
    {
      "city" : 23,
      "weight" : 452.0,
      "value" : 9.0
    },
    {
      "city" : 24,
      "weight" : 92.0,
      "value" : 910.0
    },
    {
      "city" : 25,
      "weight" : 183.0,
      "value" : 378.0
    },
    {
      "city" : 26,
      "weight" : 70.0,
      "value" : 208.0
    },
    {
      "city" : 27,
      "weight" : 200.0,
      "value" : 765.0
    },
    {
      "city" : 28,
      "weight" : 132.0,
      "value" : 673.0
    },
    {
      "city" : 29,
      "weight" : 798.0,
      "value" : 410.0
    },
    {
      "city" : 30,
      "weight" : 992.0,
      "value" : 348.0
    },
    {
      "city" : 31,
      "weight" : 429.0,
      "value" : 605.0
    },
    {
      "city" : 32,
      "weight" : 796.0,
      "value" : 869.0
    },
    {
      "city" : 33,
      "weight" : 169.0,
      "value" : 647.0
    },
    {
      "city" : 34,
      "weight" : 567.0,
      "value" : 412.0
    },
    {
      "city" : 35,
      "weight" : 432.0,
      "value" : 642.0
    },
    {
      "city" : 36,
      "weight" : 687.0,
      "value" : 302.0
    },
    {
      "city" : 37,
      "weight" : 532.0,
      "value" : 786.0
    },
    {
      "city" : 38,
      "weight" : 540.0,
      "value" : 69.0
    },
    {
      "city" : 39,
      "weight" : 17.0,
      "value" : 71.0
    },
    {
      "city" : 40,
      "weight" : 607.0,
      "value" : 295.0
    },
    {
      "city" : 41,
      "weight" : 761.0,
      "value" : 599.0
    },
    {
      "city" : 42,
      "weight" : 229.0,
      "value" : 780.0
    },
    {
      "city" : 43,
      "weight" : 49.0,
      "value" : 416.0
    },
    {
      "city" : 44,
      "weight" : 436.0,
      "value" : 88.0
    },
    {
      "city" : 45,
      "weight" : 352.0,
      "value" : 843.0
    },
    {
      "city" : 46,
      "weight" : 873.0,
      "value" : 753.0
    },
    {
      "city" : 47,
      "weight" : 196.0,
      "value" : 172.0
    },
    {
      "city" : 48,
      "weight" : 172.0,
      "value" : 699.0
    },
    {
      "city" : 49,
      "weight" : 552.0,
      "value" : 822.0
    }
  ]
}