{
  "problemType" : "ProfitConstraint",
  "maxWeight" : 40752,
  "minProfitConstraint" : 19356.0,
  "minSpeed" : 0.1,
  "maxSpeed" : 1.0,
  "profitEvaluator" : {
    "type" : "NO_DROPPING"
  },
  "timeEvaluator" : {
    "type" : "STANDARD"
  },
  "cityType" : "XY_COORDINATES",
  "cities" : [
    [
      937.0,
      738.0
    ],
    [
      811.0,
      530.0
    ],
    [
      719.0,
      984.0
    ],
    [
      975.0,
      327.0
    ],
    [
      859.0,
      688.0
    ],
    [
      48.0,
      830.0
    ],
    [
      907.0,
      10.0
    ],
    [
      544.0,
      14.0
    ],
    [
      558.0,
      647.0
    ],
    [
      307.0,
      369.0
    ],
    [
      983.0,
      352.0
    ],
    [
      893.0,
      880.0
    ],
    [
      313.0,
      422.0
    ],
    [
      622.0,
      516.0
    ],
    [
      588.0,
      977.0
    ],
    [
      906.0,
      554.0
    ],
    [
      974.0,
      135.0
    ],
    [
      990.0,
      274.0
    ],
    [
      358.0,
      732.0
    ],
    [
      493.0,
      20.0
    ],
    [
      729.0,
      832.0
    ],
    [
      352.0,
      816.0
    ],
    [
      327.0,
      778.0
    ],
    [
      540.0,
      433.0
    ],
    [
      95.0,
      663.0
    ],
    [
      820.0,
      76.0
    ],
    [
      879.0,
      990.0
    ],
    [
      399.0,
      283.0
    ],
    [
      536.0,
      995.0
    ],
    [
      869.0,
      0.0
    ],
    [
      502.0,
      406.0
    ],
    [
      44.0,
      264.0
    ],
    [
      822.0,
      855.0
    ],
    [
      631.0,
      767.0
    ],
    [
      504.0,
      33.0
    ],
    [
      101.0,
      561.0
    ],
    [
      987.0,
      312.0
    ],
    [
      407.0,
      844.0
    ],
    [
      39.0,
      312.0
    ],
    [
      99.0,
      0.0
    ],
    [
      654.0,
      131.0
    ],
    [
      694.0,
      383.0
    ],
    [
      748.0,
      567.0
    ],
    [
      423.0,
      735.0
    ],
    [
      334.0,
      738.0
    ],
    [
      942.0,
      561.0
    ],
    [
      103.0,
      130.0
    ],
    [
      563.0,
      741.0
    ],
    [
      477.0,
      326.0
    ],
    [
      26.0,
      28.0
    ],
    [
      449.0,
      226.0
    ],
    [
      388.0,
      977.0
    ],
    [
      997.0,
      947.0
    ],
    [
      18.0,
      949.0
    ],
    [
      193.0,
      456.0
    ],
    [
      106.0,
      751.0
    ],
    [
      358.0,
      480.0
    ],
    [
      908.0,
      812.0
    ],
    [
      371.0,
      526.0
    ],
    [
      654.0,
      208.0
    ],
    [
      462.0,
      246.0
    ],
    [
      876.0,
      953.0
    ],
    [
      946.0,
      923.0
    ],
    [
      795.0,
      419.0
    ],
    [
      558.0,
      494.0
    ],
    [
      828.0,
      398.0
    ],
    [
      999.0,
      853.0
    ],
    [
      646.0,
      625.0
    ],
    [
      108.0,
      142.0
    ],
    [
      772.0,
      401.0
    ],
    [
      846.0,
      862.0
    ],
    [
      710.0,
      610.0
    ],
    [
      243.0,
      26.0
    ],
    [
      659.0,
      880.0
    ],
    [
      448.0,
      649.0
    ],
    [
      971.0,
      66.0
    ],
    [
      651.0,
      188.0
    ],
    [
      435.0,
      772.0
    ],
    [
      979.0,
      723.0
    ],
    [
      258.0,
      744.0
    ],
    [
      359.0,
      534.0
    ],
    [
      928.0,
      681.0
    ],
    [
      331.0,
      716.0
    ],
    [
      319.0,
      211.0
    ],
    [
      706.0,
      91.0
    ],
    [
      297.0,
      650.0
    ],
    [
      573.0,
      533.0
    ],
    [
      985.0,
      637.0
    ],
    [
      857.0,
      252.0
    ],
    [
      469.0,
      894.0
    ],
    [
      998.0,
      98.0
    ],
    [
      585.0,
      234.0
    ],
    [
      123.0,
      151.0
    ],
    [
      791.0,
      456.0
    ],
    [
      919.0,
      879.0
    ],
    [
      338.0,
      79.0
    ],
    [
      211.0,
      863.0
    ],
    [
      243.0,
      584.0
    ],
    [
      860.0,
      380.0
    ],
    [
      314.0,
      925.0
    ]
  ],
  "items" : [
    {
      "city" : 0,
      "weight" : 598.0,
      "value" : 674.0
    },
    {
      "city" : 1,
      "weight" : 40.0,
      "value" : 453.0
    },
    {
      "city" : 2,
      "weight" : 651.0,
      "value" : 583.0
    },
    {
      "city" : 3,
      "weight" : 366.0,
      "value" : 291.0
    },
    {
      "city" : 4,
      "weight" : 461.0,
      "value" : 961.0
    },
    {
      "city" : 5,
      "weight" : 947.0,
      "value" : 32.0
    },
    {
      "city" : 6,
      "weight" : 89.0,
      "value" : 27.0
    },
    {
      "city" : 7,
      "weight" : 983.0,
      "value" : 93.0
    },
    {
      "city" : 8,
      "weight" : 261.0,
      "value" : 915.0
    },
    {
      "city" : 9,
      "weight" : 588.0,
      "value" : 717.0
    },
    {
      "city" : 10,
      "weight" : 680.0,
      "value" : 651.0
    },
    {
      "city" : 11,
      "weight" : 644.0,
      "value" : 576.0
    },
    {
      "city" : 12,
      "weight" : 3.0,
      "value" : 395.0
    },
    {
      "city" : 13,
      "weight" : 391.0,
      "value" : 809.0
    },
    {
      "city" : 14,
      "weight" : 680.0,
      "value" : 51.0
    },
    {
      "city" : 15,
      "weight" : 244.0,
      "value" : 421.0
    },
    {
      "city" : 16,
      "weight" : 117.0,
      "value" : 382.0
    },
    {
      "city" : 17,
      "weight" : 563.0,
      "value" : 763.0
    },
    {
      "city" : 18,
      "weight" : 309.0,
      "value" : 387.0
    },
    {
      "city" : 19,
      "weight" : 949.0,
      "value" : 715.0
    },
    {
      "city" : 20,
      "weight" : 900.0,
      "value" : 637.0
    },
    {
      "city" : 21,
      "weight" : 41.0,
      "value" : 23.0
    },
    {
      "city" : 22,
      "weight" : 364.0,
      "value" : 250.0
    },
    {
      "city" : 23,
      "weight" : 381.0,
      "value" : 462.0
    },
    {
      "city" : 24,
      "weight" : 873.0,
      "value" : 745.0
    },
    {
      "city" : 25,
      "weight" : 156.0,
      "value" : 7.0
    },
    {
      "city" : 26,
      "weight" : 797.0,
      "value" : 556.0
    },
    {
      "city" : 27,
      "weight" : 433.0,
      "value" : 203.0
    },
    {
      "city" : 28,
      "weight" : 120.0,
      "value" : 677.0
    },
    {
      "city" : 29,
      "weight" : 161.0,
      "value" : 51.0
    },
    {
      "city" : 30,
      "weight" : 920.0,
      "value" : 213.0
    },
    {
      "city" : 31,
      "weight" : 494.0,
      "value" : 768.0
    },
    {
      "city" : 32,
      "weight" : 897.0,
      "value" : 400.0
    },
    {
      "city" : 33,
      "weight" : 734.0,
      "value" : 42.0
    },
    {
      "city" : 34,
      "weight" : 338.0,
      "value" : 468.0
    },
    {
      "city" : 35,
      "weight" : 374.0,
      "value" : 536.0
    },
    {
      "city" : 36,
      "weight" : 620.0,
      "value" : 831.0
    },
    {
      "city" : 37,
      "weight" : 748.0,
      "value" : 598.0
    },
    {
      "city" : 38,
      "weight" : 823.0,
      "value" : 96.0
    },
    {
      "city" : 39,
      "weight" : 480.0,
      "value" : 213.0
    },
    {
      "city" : 40,
      "weight" : 386.0,
      "value" : 318.0
    },
    {
      "city" : 41,
      "weight" : 614.0,
      "value" : 412.0
    },
    {
      "city" : 42,
      "weight" : 879.0,
      "value" : 646.0
    },
    {
      "city" : 43,
      "weight" : 658.0,
      "value" : 348.0
    },
    {
      "city" : 44,
      "weight" : 265.0,
      "value" : 112.0
    },
    {
      "city" : 45,
      "weight" : 624.0,
      "value" : 113.0
    },
    {
      "city" : 46,
      "weight" : 435.0,
      "value" : 0.0
    },
    {
      "city" : 47,
      "weight" : 904.0,
      "value" : 828.0
    },
    {
      "city" : 48,
      "weight" : 862.0,
      "value" : 618.0
    },
    {
      "city" : 49,
      "weight" : 515.0,
      "value" : 869.0
    },
    {
      "city" : 50,
      "weight" : 774.0,
      "value" : 670.0
    },
    {
      "city" : 51,
      "weight" : 308.0,
      "value" : 430.0
    },
    {
      "city" : 52,
      "weight" : 617.0,
      "value" : 76.0
    },
    {
      "city" : 53,
      "weight" : 509.0,
      "value" : 3.0
    },
    {
      "city" : 54,
      "weight" : 766.0,
      "value" : 625.0
    },
    {
      "city" : 55,
      "weight" : 213.0,
      "value" : 78.0
    },
    {
      "city" : 56,
      "weight" : 62.0,
      "value" : 503.0
    },
    {
      "city" : 57,
      "weight" : 235.0,
      "value" : 855.0
    },
    {
      "city" : 58,
      "weight" : 217.0,
      "value" : 874.0
    },
    {
      "city" : 59,
      "weight" : 274.0,
      "value" : 272.0
    },
    {
      "city" : 60,
      "weight" : 377.0,
      "value" : 303.0
    },
    {
      "city" : 61,
      "weight" : 305.0,
      "value" : 150.0
    },
    {
      "city" : 62,
      "weight" : 835.0,
      "value" : 831.0
    },
    {
      "city" : 63,
      "weight" : 686.0,
      "value" : 347.0
    },
    {
      "city" : 64,
      "weight" : 615.0,
      "value" : 657.0
    },
    {
      "city" : 65,
      "weight" : 598.0,
      "value" : 897.0
    },
    {
      "city" : 66,
      "weight" : 492.0,
      "value" : 982.0
    },
    {
      "city" : 67,
      "weight" : 835.0,
      "value" : 545.0
    },
    {
      "city" : 68,
      "weight" : 152.0,
      "value" : 534.0
    },
    {
      "city" : 69,
      "weight" : 411.0,
      "value" : 937.0
    },
    {
      "city" : 70,
      "weight" : 60.0,
      "value" : 648.0
    },
    {
      "city" : 71,
      "weight" : 17.0,
      "value" : 244.0
    },
    {
      "city" : 72,
      "weight" : 73.0,
      "value" : 286.0
    },
    {
      "city" : 73,
      "weight" : 618.0,
      "value" : 484.0
    },
    {
      "city" : 74,
      "weight" : 705.0,
      "value" : 927.0
    },
    {
      "city" : 75,
      "weight" : 846.0,
      "value" : 122.0
    },
    {
      "city" : 76,
      "weight" : 556.0,
      "value" : 454.0
    },
    {
      "city" : 77,
      "weight" : 688.0,
      "value" : 502.0
    },
    {
      "city" : 78,
      "weight" : 949.0,
      "value" : 287.0
    },
    {
      "city" : 79,
      "weight" : 604.0,
      "value" : 290.0
    },
    {
      "city" : 80,
      "weight" : 664.0,
      "value" : 346.0
    },
    {
      "city" : 81,
      "weight" : 821.0,
      "value" : 776.0
    },
    {
      "city" : 82,
      "weight" : 314.0,
      "value" : 976.0
    },
    {
      "city" : 83,
      "weight" : 872.0,
      "value" : 109.0
    },
    {
      "city" : 84,
      "weight" : 213.0,
      "value" : 770.0
    },
    {
      "city" : 85,
      "weight" : 352.0,
      "value" : 445.0
    },
    {
      "city" : 86,
      "weight" : 575.0,
      "value" : 482.0
    },
    {
      "city" : 87,
      "weight" : 958.0,
      "value" : 693.0
    },
    {
      "city" : 88,
      "weight" : 422.0,
      "value" : 89.0
    },
    {
      "city" : 89,
      "weight" : 373.0,
      "value" : 39.0
    },
    {
      "city" : 90,
      "weight" : 802.0,
      "value" : 287.0
    },
    {
      "city" : 91,
      "weight" : 856.0,
      "value" : 880.0
    },
    {
      "city" : 92,
      "weight" : 158.0,
      "value" : 704.0
    },
    {
      "city" : 93,
      "weight" : 321.0,
      "value" : 342.0
    },
    {
      "city" : 94,
      "weight" : 165.0,
      "value" : 340.0
    },
    {
      "city" : 95,
      "weight" : 54.0,
      "value" : 69.0
    },
    {
      "city" : 96,
      "weight" : 429.0,
      "value" : 375.0
    },
    {
      "city" : 97,
      "weight" : 714.0,
      "value" : 888.0
    },
    {
      "city" : 98,
      "weight" : 931.0,
      "value" : 911.0
    },
    {
      "city" : 99,
      "weight" : 189.0,
      "value" : 277.0
    }
  ]
}