{
  "problemType" : "ProfitConstraint",
  "maxWeight" : 41300,
  "minProfitConstraint" : 41551.0,
  "minSpeed" : 0.1,
  "maxSpeed" : 1.0,
  "profitEvaluator" : {
    "type" : "NO_DROPPING"
  },
  "timeEvaluator" : {
    "type" : "STANDARD"
  },
  "cityType" : "XY_COORDINATES",
  "cities" : [
    [
      531.0,
      496.0
    ],
    [
      632.0,
      721.0
    ],
    [
      746.0,
      596.0
    ],
    [
      635.0,
      586.0
    ],
    [
      228.0,
      546.0
    ],
    [
      705.0,
      688.0
    ],
    [
      739.0,
      630.0
    ],
    [
      491.0,
      227.0
    ],
    [
      577.0,
      144.0
    ],
    [
      742.0,
      672.0
    ],
    [
      653.0,
      742.0
    ],
    [
      285.0,
      576.0
    ],
    [
      172.0,
      533.0
    ],
    [
      476.0,
      268.0
    ],
    [
      509.0,
      150.0
    ],
    [
      535.0,
      141.0
    ],
    [
      172.0,
      461.0
    ],
    [
      612.0,
      740.0
    ],
    [
      164.0,
      480.0
    ],
    [
      630.0,
      136.0
    ],
    [
      681.0,
      614.0
    ],
    [
      473.0,
      144.0
    ],
    [
      558.0,
      325.0
    ],
    [
      215.0,
      548.0
    ],
    [
      638.0,
      650.0
    ],
    [
      180.0,
      539.0
    ],
    [
      738.0,
      604.0
    ],
    [
      613.0,
      160.0
    ],
    [
      299.0,
      460.0
    ],
    [
      732.0,
      625.0
    ],
    [
      691.0,
      749.0
    ],
    [
      614.0,
      187.0
    ],
    [
      747.0,
      714.0
    ],
    [
      217.0,
      446.0
    ],
    [
      288.0,
      573.0
    ],
    [
      752.0,
      750.0
    ],
    [
      214.0,
      578.0
    ],
    [
      474.0,
      257.0
    ],
    [
      646.0,
      235.0
    ],
    [
      464.0,
      231.0
    ],
    [
      192.0,
      444.0
    ],
    [
      505.0,
      134.0
    ],
    [
      606.0,
      328.0
    ],
    [
      668.0,
      708.0
    ],
    [
      777.0,
      690.0
    ],
    [
      238.0,
      541.0
    ],
    [
      694.0,
      564.0
    ],
    [
      629.0,
      189.0
    ],
    [
      621.0,
      680.0
    ],
    [
      305.0,
      501.0
    ],
    [
      349.0,
      441.0
    ],
    [
      612.0,
      627.0
    ],
    [
      329.0,
      468.0
    ],
    [
      625.0,
      198.0
    ],
    [
      232.0,
      429.0
    ],
    [
      505.0,
      274.0
    ],
    [
      558.0,
      284.0
    ],
    [
      756.0,
      732.0
    ],
    [
      768.0,
      730.0
    ],
    [
      484.0,
      259.0
    ],
    [
      645.0,
      732.0
    ],
    [
      635.0,
      610.0
    ],
    [
      692.0,
      562.0
    ],
    [
      790.0,
      641.0
    ],
    [
      304.0,
      572.0
    ],
    [
      630.0,
      568.0
    ],
    [
      619.0,
      170.0
    ],
    [
      645.0,
      706.0
    ],
    [
      644.0,
      329.0
    ],
    [
      267.0,
      515.0
    ],
    [
      460.0,
      251.0
    ],
    [
      353.0,
      414.0
    ],
    [
      743.0,
      656.0
    ],
    [
      672.0,
      723.0
    ],
    [
      178.0,
      540.0
    ],
    [
      227.0,
      569.0
    ],
    [
      526.0,
      147.0
    ],
    [
      282.0,
      535.0
    ],
    [
      499.0,
      160.0
    ],
    [
      532.0,
      180.0
    ],
    [
      519.0,
      330.0
    ],
    [
      299.0,
      452.0
    ],
    [
      359.0,
      480.0
    ],
    [
      738.0,
      630.0
    ],
    [
      526.0,
      317.0
    ],
    [
      490.0,
      159.0
    ],
    [
      623.0,
      308.0
    ],
    [
      341.0,
      512.0
    ],
    [
      753.0,
      574.0
    ],
    [
      755.0,
      629.0
    ],
    [
      634.0,
      684.0
    ],
    [
      472.0,
      326.0
    ],
    [
      280.0,
      565.0
    ],
    [
      623.0,
      156.0
    ],
    [
      220.0,
      519.0
    ],
    [
      350.0,
      540.0
    ],
    [
      272.0,
      513.0
    ],
    [
      564.0,
      328.0
    ],
    [
      351.0,
      481.0
    ],
    [
      669.0,
      721.0
    ]
  ],
  "items" : [
    {
      "city" : 0,
      "weight" : 794.0,
      "value" : 454.0
    },
    {
      "city" : 1,
      "weight" : 19.0,
      "value" : 917.0
    },
    {
      "city" : 2,
      "weight" : 590.0,
      "value" : 847.0
    },
    {
      "city" : 3,
      "weight" : 531.0,
      "value" : 726.0
    },
    {
      "city" : 4,
      "weight" : 354.0,
      "value" : 129.0
    },
    {
      "city" : 5,
      "weight" : 301.0,
      "value" : 31.0
    },
    {
      "city" : 6,
      "weight" : 709.0,
      "value" : 66.0
    },
    {
      "city" : 7,
      "weight" : 373.0,
      "value" : 943.0
    },
    {
      "city" : 8,
      "weight" : 164.0,
      "value" : 226.0
    },
    {
      "city" : 9,
      "weight" : 994.0,
      "value" : 696.0
    },
    {
      "city" : 10,
      "weight" : 566.0,
      "value" : 639.0
    },
    {
      "city" : 11,
      "weight" : 825.0,
      "value" : 641.0
    },
    {
      "city" : 12,
      "weight" : 959.0,
      "value" : 715.0
    },
    {
      "city" : 13,
      "weight" : 834.0,
      "value" : 90.0
    },
    {
      "city" : 14,
      "weight" : 983.0,
      "value" : 152.0
    },
    {
      "city" : 15,
      "weight" : 357.0,
      "value" : 392.0
    },
    {
      "city" : 16,
      "weight" : 750.0,
      "value" : 500.0
    },
    {
      "city" : 17,
      "weight" : 280.0,
      "value" : 40.0
    },
    {
      "city" : 18,
      "weight" : 983.0,
      "value" : 231.0
    },
    {
      "city" : 19,
      "weight" : 24.0,
      "value" : 72.0
    },
    {
      "city" : 20,
      "weight" : 550.0,
      "value" : 537.0
    },
    {
      "city" : 21,
      "weight" : 617.0,
      "value" : 641.0
    },
    {
      "city" : 22,
      "weight" : 463.0,
      "value" : 41.0
    },
    {
      "city" : 23,
      "weight" : 325.0,
      "value" : 361.0
    },
    {
      "city" : 24,
      "weight" : 189.0,
      "value" : 168.0
    },
    {
      "city" : 25,
      "weight" : 317.0,
      "value" : 917.0
    },
    {
      "city" : 26,
      "weight" : 403.0,
      "value" : 435.0
    },
    {
      "city" : 27,
      "weight" : 526.0,
      "value" : 907.0
    },
    {
      "city" : 28,
      "weight" : 618.0,
      "value" : 215.0
    },
    {
      "city" : 29,
      "weight" : 546.0,
      "value" : 989.0
    },
    {
      "city" : 30,
      "weight" : 168.0,
      "value" : 111.0
    },
    {
      "city" : 31,
      "weight" : 770.0,
      "value" : 506.0
    },
    {
      "city" : 32,
      "weight" : 937.0,
      "value" : 121.0
    },
    {
      "city" : 33,
      "weight" : 870.0,
      "value" : 30.0
    },
    {
      "city" : 34,
      "weight" : 221.0,
      "value" : 416.0
    },
    {
      "city" : 35,
      "weight" : 361.0,
      "value" : 810.0
    },
    {
      "city" : 36,
      "weight" : 750.0,
      "value" : 634.0
    },
    {
      "city" : 37,
      "weight" : 891.0,
      "value" : 486.0
    },
    {
      "city" : 38,
      "weight" : 20.0,
      "value" : 505.0
    },
    {
      "city" : 39,
      "weight" : 788.0,
      "value" : 971.0
    },
    {
      "city" : 40,
      "weight" : 822.0,
      "value" : 678.0
    },
    {
      "city" : 41,
      "weight" : 690.0,
      "value" : 965.0
    },
    {
      "city" : 42,
      "weight" : 855.0,
      "value" : 681.0
    },
    {
      "city" : 43,
      "weight" : 624.0,
      "value" : 669.0
    },
    {
      "city" : 44,
      "weight" : 387.0,
      "value" : 917.0
    },
    {
      "city" : 45,
      "weight" : 771.0,
      "value" : 693.0
    },
    {
      "city" : 46,
      "weight" : 541.0,
      "value" : 873.0
    },
    {
      "city" : 47,
      "weight" : 873.0,
      "value" : 613.0
    },
    {
      "city" : 48,
      "weight" : 726.0,
      "value" : 602.0
    },
    {
      "city" : 49,
      "weight" : 224.0,
      "value" : 979.0
    },
    {
      "city" : 50,
      "weight" : 196.0,
      "value" : 483.0
    },
    {
      "city" : 51,
      "weight" : 633.0,
      "value" : 126.0
    },
    {
      "city" : 52,
      "weight" : 981.0,
      "value" : 567.0
    },
    {
      "city" : 53,
      "weight" : 135.0,
      "value" : 363.0
    },
    {
      "city" : 54,
      "weight" : 46.0,
      "value" : 877.0
    },
    {
      "city" : 55,
      "weight" : 144.0,
      "value" : 904.0
    },
    {
      "city" : 56,
      "weight" : 636.0,
      "value" : 761.0
    },
    {
      "city" : 57,
      "weight" : 119.0,
      "value" : 302.0
    },
    {
      "city" : 58,
      "weight" : 534.0,
      "value" : 252.0
    },
    {
      "city" : 59,
      "weight" : 130.0,
      "value" : 917.0
    },
    {
      "city" : 60,
      "weight" : 413.0,
      "value" : 482.0
    },
    {
      "city" : 61,
      "weight" : 127.0,
      "value" : 135.0
    },
    {
      "city" : 62,
      "weight" : 482.0,
      "value" : 801.0
    },
    {
      "city" : 63,
      "weight" : 414.0,
      "value" : 678.0
    },
    {
      "city" : 64,
      "weight" : 154.0,
      "value" : 473.0
    },
    {
      "city" : 65,
      "weight" : 899.0,
      "value" : 937.0
    },
    {
      "city" : 66,
      "weight" : 176.0,
      "value" : 863.0
    },
    {
      "city" : 67,
      "weight" : 780.0,
      "value" : 721.0
    },
    {
      "city" : 68,
      "weight" : 543.0,
      "value" : 979.0
    },
    {
      "city" : 69,
      "weight" : 393.0,
      "value" : 811.0
    },
    {
      "city" : 70,
      "weight" : 738.0,
      "value" : 850.0
    },
    {
      "city" : 71,
      "weight" : 748.0,
      "value" : 70.0
    },
    {
      "city" : 72,
      "weight" : 179.0,
      "value" : 686.0
    },
    {
      "city" : 73,
      "weight" : 150.0,
      "value" : 691.0
    },
    {
      "city" : 74,
      "weight" : 444.0,
      "value" : 720.0
    },
    {
      "city" : 75,
      "weight" : 922.0,
      "value" : 541.0
    },
    {
      "city" : 76,
      "weight" : 781.0,
      "value" : 96.0
    },
    {
      "city" : 77,
      "weight" : 851.0,
      "value" : 150.0
    },
    {
      "city" : 78,
      "weight" : 906.0,
      "value" : 787.0
    },
    {
      "city" : 79,
      "weight" : 414.0,
      "value" : 817.0
    },
    {
      "city" : 80,
      "weight" : 496.0,
      "value" : 587.0
    },
    {
      "city" : 81,
      "weight" : 147.0,
      "value" : 918.0
    },
    {
      "city" : 82,
      "weight" : 445.0,
      "value" : 701.0
    },
    {
      "city" : 83,
      "weight" : 150.0,
      "value" : 295.0
    },
    {
      "city" : 84,
      "weight" : 441.0,
      "value" : 308.0
    },
    {
      "city" : 85,
      "weight" : 332.0,
      "value" : 258.0
    },
    {
      "city" : 86,
      "weight" : 756.0,
      "value" : 827.0
    },
    {
      "city" : 87,
      "weight" : 812.0,
      "value" : 775.0
    },
    {
      "city" : 88,
      "weight" : 925.0,
      "value" : 447.0
    },
    {
      "city" : 89,
      "weight" : 539.0,
      "value" : 217.0
    },
    {
      "city" : 90,
      "weight" : 533.0,
      "value" : 162.0
    },
    {
      "city" : 91,
      "weight" : 412.0,
      "value" : 961.0
    },
    {
      "city" : 92,
      "weight" : 254.0,
      "value" : 12.0
    },
    {
      "city" : 93,
      "weight" : 50.0,
      "value" : 534.0
    },
    {
      "city" : 94,
      "weight" : 331.0,
      "value" : 508.0
    },
    {
      "city" : 95,
      "weight" : 859.0,
      "value" : 617.0
    },
    {
      "city" : 96,
      "weight" : 709.0,
      "value" : 373.0
    },
    {
      "city" : 97,
      "weight" : 708.0,
      "value" : 101.0
    },
    {
      "city" : 98,
      "weight" : 270.0,
      "value" : 580.0
    },
    {
      "city" : 99,
      "weight" : 155.0,
      "value" : 4.0
    }
  ]
}