{
  "problemType" : "ProfitConstraint",
  "maxWeight" : 41447,
  "minProfitConstraint" : 32173.0,
  "minSpeed" : 0.1,
  "maxSpeed" : 1.0,
  "profitEvaluator" : {
    "type" : "NO_DROPPING"
  },
  "timeEvaluator" : {
    "type" : "STANDARD"
  },
  "cityType" : "XY_COORDINATES",
  "cities" : [
    [
      500.0,
      500.0
    ],
    [
      359.0,
      1042.0
    ],
    [
      880.0,
      237.0
    ],
    [
      945.0,
      139.0
    ],
    [
      677.0,
      111.0
    ],
    [
      211.0,
      310.0
    ],
    [
      364.0,
      973.0
    ],
    [
      432.0,
      273.0
    ],
    [
      891.0,
      445.0
    ],
    [
      694.0,
      114.0
    ],
    [
      697.0,
      88.0
    ],
    [
      400.0,
      1020.0
    ],
    [
      441.0,
      242.0
    ],
    [
      709.0,
      62.0
    ],
    [
      11.0,
      615.0
    ],
    [
      898.0,
      165.0
    ],
    [
      225.0,
      262.0
    ],
    [
      207.0,
      348.0
    ],
    [
      860.0,
      389.0
    ],
    [
      931.0,
      365.0
    ],
    [
      380.0,
      260.0
    ],
    [
      380.0,
      224.0
    ],
    [
      670.0,
      85.0
    ],
    [
      438.0,
      1035.0
    ],
    [
      371.0,
      207.0
    ],
    [
      855.0,
      764.0
    ],
    [
      574.0,
      634.0
    ],
    [
      899.0,
      203.0
    ],
    [
      366.0,
      248.0
    ],
    [
      839.0,
      767.0
    ],
    [
      703.0,
      110.0
    ],
    [
      772.0,
      766.0
    ],
    [
      860.0,
      820.0
    ],
    [
      134.0,
      984.0
    ],
    [
      859.0,
      829.0
    ],
    [
      81.0,
      649.0
    ],
    [
      851.0,
      156.0
    ],
    [
      383.0,
      977.0
    ],
    [
      208.0,
      924.0
    ],
    [
      401.0,
      296.0
    ],
    [
      908.0,
      426.0
    ],
    [
      651.0,
      120.0
    ],
    [
      925.0,
      444.0
    ],
    [
      851.0,
      185.0
    ],
    [
      263.0,
      307.0
    ],
    [
      444.0,
      294.0
    ],
    [
      76.0,
      591.0
    ],
    [
      62.0,
      621.0
    ],
    [
      908.0,
      438.0
    ],
    [
      221.0,
      927.0
    ],
    [
      377.0,
      207.0
    ],
    [
      708.0,
      50.0
    ],
    [
      68.0,
      551.0
    ],
    [
      595.0,
      579.0
    ],
    [
      815.0,
      825.0
    ],
    [
      687.0,
      129.0
    ],
    [
      183.0,
      254.0
    ],
    [
      78.0,
      559.0
    ],
    [
      16.0,
      586.0
    ],
    [
      405.0,
      948.0
    ],
    [
      866.0,
      422.0
    ],
    [
      887.0,
      398.0
    ],
    [
      616.0,
      629.0
    ],
    [
      349.0,
      968.0
    ],
    [
      798.0,
      774.0
    ],
    [
      559.0,
      560.0
    ],
    [
      400.0,
      295.0
    ],
    [
      26.0,
      571.0
    ],
    [
      770.0,
      747.0
    ],
    [
      413.0,
      1018.0
    ],
    [
      864.0,
      223.0
    ],
    [
      147.0,
      904.0
    ],
    [
      803.0,
      761.0
    ],
    [
      932.0,
      193.0
    ],
    [
      698.0,
      103.0
    ],
    [
      212.0,
      250.0
    ],
    [
      203.0,
      935.0
    ],
    [
      183.0,
      325.0
    ],
    [
      141.0,
      954.0
    ],
    [
      133.0,
      962.0
    ],
    [
      182.0,
      999.0
    ],
    [
      841.0,
      383.0
    ],
    [
      445.0,
      975.0
    ],
    [
      902.0,
      209.0
    ],
    [
      27.0,
      571.0
    ],
    [
      55.0,
      554.0
    ],
    [
      776.0,
      811.0
    ],
    [
      849.0,
      787.0
    ],
    [
      944.0,
      232.0
    ],
    [
      212.0,
      289.0
    ],
    [
      431.0,
      1011.0
    ],
    [
      938.0,
      445.0
    ],
    [
      191.0,
      948.0
    ],
    [
      441.0,
      1038.0
    ],
    [
      413.0,
      225.0
    ],
    [
      848.0,
      840.0
    ],
    [
      408.0,
      246.0
    ],
    [
      668.0,
      114.0
    ],
    [
      809.0,
      827.0
    ],
    [
      747.0,
      77.0
    ]
  ],
  "items" : [
    {
      "city" : 0,
      "weight" : 801.0,
      "value" : 774.0
    },
    {
      "city" : 1,
      "weight" : 858.0,
      "value" : 748.0
    },
    {
      "city" : 2,
      "weight" : 312.0,
      "value" : 14.0
    },
    {
      "city" : 3,
      "weight" : 963.0,
      "value" : 381.0
    },
    {
      "city" : 4,
      "weight" : 410.0,
      "value" : 633.0
    },
    {
      "city" : 5,
      "weight" : 854.0,
      "value" : 251.0
    },
    {
      "city" : 6,
      "weight" : 956.0,
      "value" : 701.0
    },
    {
      "city" : 7,
      "weight" : 265.0,
      "value" : 949.0
    },
    {
      "city" : 8,
      "weight" : 606.0,
      "value" : 428.0
    },
    {
      "city" : 9,
      "weight" : 391.0,
      "value" : 86.0
    },
    {
      "city" : 10,
      "weight" : 292.0,
      "value" : 246.0
    },
    {
      "city" : 11,
      "weight" : 263.0,
      "value" : 126.0
    },
    {
      "city" : 12,
      "weight" : 630.0,
      "value" : 426.0
    },
    {
      "city" : 13,
      "weight" : 399.0,
      "value" : 801.0
    },
    {
      "city" : 14,
      "weight" : 732.0,
      "value" : 332.0
    },
    {
      "city" : 15,
      "weight" : 98.0,
      "value" : 940.0
    },
    {
      "city" : 16,
      "weight" : 938.0,
      "value" : 528.0
    },
    {
      "city" : 17,
      "weight" : 205.0,
      "value" : 955.0
    },
    {
      "city" : 18,
      "weight" : 340.0,
      "value" : 92.0
    },
    {
      "city" : 19,
      "weight" : 354.0,
      "value" : 768.0
    },
    {
      "city" : 20,
      "weight" : 542.0,
      "value" : 948.0
    },
    {
      "city" : 21,
      "weight" : 111.0,
      "value" : 71.0
    },
    {
      "city" : 22,
      "weight" : 51.0,
      "value" : 279.0
    },
    {
      "city" : 23,
      "weight" : 887.0,
      "value" : 117.0
    },
    {
      "city" : 24,
      "weight" : 984.0,
      "value" : 879.0
    },
    {
      "city" : 25,
      "weight" : 754.0,
      "value" : 54.0
    },
    {
      "city" : 26,
      "weight" : 27.0,
      "value" : 510.0
    },
    {
      "city" : 27,
      "weight" : 595.0,
      "value" : 29.0
    },
    {
      "city" : 28,
      "weight" : 309.0,
      "value" : 572.0
    },
    {
      "city" : 29,
      "weight" : 838.0,
      "value" : 6.0
    },
    {
      "city" : 30,
      "weight" : 42.0,
      "value" : 36.0
    },
    {
      "city" : 31,
      "weight" : 204.0,
      "value" : 431.0
    },
    {
      "city" : 32,
      "weight" : 737.0,
      "value" : 510.0
    },
    {
      "city" : 33,
      "weight" : 292.0,
      "value" : 550.0
    },
    {
      "city" : 34,
      "weight" : 388.0,
      "value" : 960.0
    },
    {
      "city" : 35,
      "weight" : 808.0,
      "value" : 260.0
    },
    {
      "city" : 36,
      "weight" : 782.0,
      "value" : 917.0
    },
    {
      "city" : 37,
      "weight" : 145.0,
      "value" : 751.0
    },
    {
      "city" : 38,
      "weight" : 467.0,
      "value" : 591.0
    },
    {
      "city" : 39,
      "weight" : 392.0,
      "value" : 821.0
    },
    {
      "city" : 40,
      "weight" : 633.0,
      "value" : 953.0
    },
    {
      "city" : 41,
      "weight" : 282.0,
      "value" : 580.0
    },
    {
      "city" : 42,
      "weight" : 417.0,
      "value" : 693.0
    },
    {
      "city" : 43,
      "weight" : 639.0,
      "value" : 806.0
    },
    {
      "city" : 44,
      "weight" : 842.0,
      "value" : 949.0
    },
    {
      "city" : 45,
      "weight" : 152.0,
      "value" : 74.0
    },
    {
      "city" : 46,
      "weight" : 314.0,
      "value" : 229.0
    },
    {
      "city" : 47,
      "weight" : 530.0,
      "value" : 270.0
    },
    {
      "city" : 48,
      "weight" : 625.0,
      "value" : 885.0
    },
    {
      "city" : 49,
      "weight" : 67.0,
      "value" : 8.0
    },
    {
      "city" : 50,
      "weight" : 181.0,
      "value" : 516.0
    },
    {
      "city" : 51,
      "weight" : 376.0,
      "value" : 164.0
    },
    {
      "city" : 52,
      "weight" : 796.0,
      "value" : 351.0
    },
    {
      "city" : 53,
      "weight" : 649.0,
      "value" : 232.0
    },
    {
      "city" : 54,
      "weight" : 825.0,
      "value" : 562.0
    },
    {
      "city" : 55,
      "weight" : 873.0,
      "value" : 51.0
    },
    {
      "city" : 56,
      "weight" : 950.0,
      "value" : 821.0
    },
    {
      "city" : 57,
      "weight" : 701.0,
      "value" : 987.0
    },
    {
      "city" : 58,
      "weight" : 754.0,
      "value" : 376.0
    },
    {
      "city" : 59,
      "weight" : 689.0,
      "value" : 22.0
    },
    {
      "city" : 60,
      "weight" : 879.0,
      "value" : 393.0
    },
    {
      "city" : 61,
      "weight" : 241.0,
      "value" : 417.0
    },
    {
      "city" : 62,
      "weight" : 442.0,
      "value" : 482.0
    },
    {
      "city" : 63,
      "weight" : 35.0,
      "value" : 580.0
    },
    {
      "city" : 64,
      "weight" : 968.0,
      "value" : 336.0
    },
    {
      "city" : 65,
      "weight" : 287.0,
      "value" : 158.0
    },
    {
      "city" : 66,
      "weight" : 914.0,
      "value" : 229.0
    },
    {
      "city" : 67,
      "weight" : 479.0,
      "value" : 708.0
    },
    {
      "city" : 68,
      "weight" : 709.0,
      "value" : 495.0
    },
    {
      "city" : 69,
      "weight" : 473.0,
      "value" : 821.0
    },
    {
      "city" : 70,
      "weight" : 657.0,
      "value" : 874.0
    },
    {
      "city" : 71,
      "weight" : 318.0,
      "value" : 914.0
    },
    {
      "city" : 72,
      "weight" : 443.0,
      "value" : 608.0
    },
    {
      "city" : 73,
      "weight" : 662.0,
      "value" : 105.0
    },
    {
      "city" : 74,
      "weight" : 888.0,
      "value" : 345.0
    },
    {
      "city" : 75,
      "weight" : 946.0,
      "value" : 320.0
    },
    {
      "city" : 76,
      "weight" : 161.0,
      "value" : 717.0
    },
    {
      "city" : 77,
      "weight" : 494.0,
      "value" : 78.0
    },
    {
      "city" : 78,
      "weight" : 662.0,
      "value" : 430.0
    },
    {
      "city" : 79,
      "weight" : 169.0,
      "value" : 261.0
    },
    {
      "city" : 80,
      "weight" : 904.0,
      "value" : 547.0
    },
    {
      "city" : 81,
      "weight" : 906.0,
      "value" : 28.0
    },
    {
      "city" : 82,
      "weight" : 184.0,
      "value" : 455.0
    },
    {
      "city" : 83,
      "weight" : 401.0,
      "value" : 865.0
    },
    {
      "city" : 84,
      "weight" : 349.0,
      "value" : 209.0
    },
    {
      "city" : 85,
      "weight" : 975.0,
      "value" : 436.0
    },
    {
      "city" : 86,
      "weight" : 637.0,
      "value" : 404.0
    },
    {
      "city" : 87,
      "weight" : 450.0,
      "value" : 22.0
    },
    {
      "city" : 88,
      "weight" : 132.0,
      "value" : 62.0
    },
    {
      "city" : 89,
      "weight" : 33.0,
      "value" : 648.0
    },
    {
      "city" : 90,
      "weight" : 322.0,
      "value" : 437.0
    },
    {
      "city" : 91,
      "weight" : 713.0,
      "value" : 224.0
    },
    {
      "city" : 92,
      "weight" : 92.0,
      "value" : 877.0
    },
    {
      "city" : 93,
      "weight" : 618.0,
      "value" : 846.0
    },
    {
      "city" : 94,
      "weight" : 233.0,
      "value" : 759.0
    },
    {
      "city" : 95,
      "weight" : 873.0,
      "value" : 246.0
    },
    {
      "city" : 96,
      "weight" : 15.0,
      "value" : 60.0
    },
    {
      "city" : 97,
      "weight" : 506.0,
      "value" : 422.0
    },
    {
      "city" : 98,
      "weight" : 937.0,
      "value" : 863.0
    },
    {
      "city" : 99,
      "weight" : 385.0,
      "value" : 990.0
    }
  ]
}