{
  "problemType" : "ProfitConstraint",
  "maxWeight" : 75747,
  "minProfitConstraint" : 92412.0,
  "minSpeed" : 0.1,
  "maxSpeed" : 1.0,
  "profitEvaluator" : {
    "type" : "NO_DROPPING"
  },
  "timeEvaluator" : {
    "type" : "STANDARD"
  },
  "cityType" : "XY_COORDINATES",
  "cities" : [
    [
      17.0,
      935.0
    ],
    [
      139.0,
      999.0
    ],
    [
      329.0,
      825.0
    ],
    [
      839.0,
      490.0
    ],
    [
      926.0,
      440.0
    ],
    [
      296.0,
      467.0
    ],
    [
      611.0,
      180.0
    ],
    [
      628.0,
      349.0
    ],
    [
      276.0,
      325.0
    ],
    [
      121.0,
      325.0
    ],
    [
      498.0,
      590.0
    ],
    [
      59.0,
      232.0
    ],
    [
      854.0,
      163.0
    ],
    [
      316.0,
      242.0
    ],
    [
      109.0,
      32.0
    ],
    [
      171.0,
      372.0
    ],
    [
      33.0,
      679.0
    ],
    [
      763.0,
      937.0
    ],
    [
      192.0,
      749.0
    ],
    [
      899.0,
      837.0
    ]
  ],
  "items" : [
    {
      "city" : 0,
      "weight" : 210.0,
      "value" : 788.0
    },
    {
      "city" : 0,
      "weight" : 733.0,
      "value" : 459.0
    },
    {
      "city" : 0,
      "weight" : 761.0,
      "value" : 326.0
    },
    {
      "city" : 0,
      "weight" : 522.0,
      "value" : 929.0
    },
    {
      "city" : 0,
      "weight" : 555.0,
      "value" : 765.0
    },
    {
      "city" : 0,
      "weight" : 741.0,
      "value" : 739.0
    },
    {
      "city" : 0,
      "weight" : 256.0,
      "value" : 542.0
    },
    {
      "city" : 0,
      "weight" : 592.0,
      "value" : 803.0
    },
    {
      "city" : 0,
      "weight" : 105.0,
      "value" : 890.0
    },
    {
      "city" : 0,
      "weight" : 634.0,
      "value" : 332.0
    },
    {
      "city" : 1,
      "weight" : 345.0,
      "value" : 397.0
    },
    {
      "city" : 1,
      "weight" : 165.0,
      "value" : 74.0
    },
    {
      "city" : 1,
      "weight" : 618.0,
      "value" : 860.0
    },
    {
      "city" : 1,
      "weight" : 235.0,
      "value" : 495.0
    },
    {
      "city" : 1,
      "weight" : 314.0,
      "value" : 252.0
    },
    {
      "city" : 1,
      "weight" : 590.0,
      "value" : 180.0
    },
    {
      "city" : 1,
      "weight" : 965.0,
      "value" : 27.0
    },
    {
      "city" : 1,
      "weight" : 322.0,
      "value" : 791.0
    },
    {
      "city" : 1,
      "weight" : 616.0,
      "value" : 304.0
    },
    {
      "city" : 1,
      "weight" : 460.0,
      "value" : 615.0
    },
    {
      "city" : 2,
      "weight" : 983.0,
      "value" : 641.0
    },
    {
      "city" : 2,
      "weight" : 340.0,
      "value" : 244.0
    },
    {
      "city" : 2,
      "weight" : 713.0,
      "value" : 644.0
    },
    {
      "city" : 2,
      "weight" : 194.0,
      "value" : 809.0
    },
    {
      "city" : 2,
      "weight" : 445.0,
      "value" : 770.0
    },
    {
      "city" : 2,
      "weight" : 154.0,
      "value" : 339.0
    },
    {
      "city" : 2,
      "weight" : 227.0,
      "value" : 742.0
    },
    {
      "city" : 2,
      "weight" : 820.0,
      "value" : 980.0
    },
    {
      "city" : 2,
      "weight" : 747.0,
      "value" : 723.0
    },
    {
      "city" : 2,
      "weight" : 904.0,
      "value" : 999.0
    },
    {
      "city" : 3,
      "weight" : 941.0,
      "value" : 571.0
    },
    {
      "city" : 3,
      "weight" : 150.0,
      "value" : 350.0
    },
    {
      "city" : 3,
      "weight" : 20.0,
      "value" : 578.0
    },
    {
      "city" : 3,
      "weight" : 785.0,
      "value" : 571.0
    },
    {
      "city" : 3,
      "weight" : 833.0,
      "value" : 356.0
    },
    {
      "city" : 3,
      "weight" : 787.0,
      "value" : 14.0
    },
    {
      "city" : 3,
      "weight" : 657.0,
      "value" : 456.0
    },
    {
      "city" : 3,
      "weight" : 75.0,
      "value" : 734.0
    },
    {
      "city" : 3,
      "weight" : 640.0,
      "value" : 876.0
    },
    {
      "city" : 3,
      "weight" : 788.0,
      "value" : 137.0
    },
    {
      "city" : 4,
      "weight" : 323.0,
      "value" : 103.0
    },
    {
      "city" : 4,
      "weight" : 25.0,
      "value" : 199.0
    },
    {
      "city" : 4,
      "weight" : 64.0,
      "value" : 840.0
    },
    {
      "city" : 4,
      "weight" : 660.0,
      "value" : 769.0
    },
    {
      "city" : 4,
      "weight" : 294.0,
      "value" : 939.0
    },
    {
      "city" : 4,
      "weight" : 862.0,
      "value" : 570.0
    },
    {
      "city" : 4,
      "weight" : 127.0,
      "value" : 796.0
    },
    {
      "city" : 4,
      "weight" : 102.0,
      "value" : 726.0
    },
    {
      "city" : 4,
      "weight" : 51.0,
      "value" : 996.0
    },
    {
      "city" : 4,
      "weight" : 685.0,
      "value" : 487.0
    },
    {
      "city" : 5,
      "weight" : 390.0,
      "value" : 352.0
    },
    {
      "city" : 5,
      "weight" : 122.0,
      "value" : 478.0
    },
    {
      "city" : 5,
      "weight" : 595.0,
      "value" : 371.0
    },
    {
      "city" : 5,
      "weight" : 117.0,
      "value" : 551.0
    },
    {
      "city" : 5,
      "weight" : 559.0,
      "value" : 357.0
    },
    {
      "city" : 5,
      "weight" : 535.0,
      "value" : 175.0
    },
    {
      "city" : 5,
      "weight" : 807.0,
      "value" : 172.0
    },
    {
      "city" : 5,
      "weight" : 444.0,
      "value" : 740.0
    },
    {
      "city" : 5,
      "weight" : 497.0,
      "value" : 728.0
    },
    {
      "city" : 5,
      "weight" : 935.0,
      "value" : 540.0
    },
    {
      "city" : 6,
      "weight" : 74.0,
      "value" : 102.0
    },
    {
      "city" : 6,
      "weight" : 436.0,
      "value" : 282.0
    },
    {
      "city" : 6,
      "weight" : 772.0,
      "value" : 48.0
    },
    {
      "city" : 6,
      "weight" : 365.0,
      "value" : 140.0
    },
    {
      "city" : 6,
      "weight" : 122.0,
      "value" : 638.0
    },
    {
      "city" : 6,
      "weight" : 595.0,
      "value" : 780.0
    },
    {
      "city" : 6,
      "weight" : 469.0,
      "value" : 994.0
    },
    {
      "city" : 6,
      "weight" : 198.0,
      "value" : 363.0
    },
    {
      "city" : 6,
      "weight" : 470.0,
      "value" : 55.0
    },
    {
      "city" : 6,
      "weight" : 255.0,
      "value" : 669.0
    },
    {
      "city" : 7,
      "weight" : 775.0,
      "value" : 986.0
    },
    {
      "city" : 7,
      "weight" : 721.0,
      "value" : 738.0
    },
    {
      "city" : 7,
      "weight" : 761.0,
      "value" : 447.0
    },
    {
      "city" : 7,
      "weight" : 235.0,
      "value" : 310.0
    },
    {
      "city" : 7,
      "weight" : 831.0,
      "value" : 760.0
    },
    {
      "city" : 7,
      "weight" : 60.0,
      "value" : 4.0
    },
    {
      "city" : 7,
      "weight" : 901.0,
      "value" : 253.0
    },
    {
      "city" : 7,
      "weight" : 518.0,
      "value" : 320.0
    },
    {
      "city" : 7,
      "weight" : 919.0,
      "value" : 220.0
    },
    {
      "city" : 7,
      "weight" : 448.0,
      "value" : 993.0
    },
    {
      "city" : 8,
      "weight" : 725.0,
      "value" : 574.0
    },
    {
      "city" : 8,
      "weight" : 339.0,
      "value" : 912.0
    },
    {
      "city" : 8,
      "weight" : 748.0,
      "value" : 971.0
    },
    {
      "city" : 8,
      "weight" : 767.0,
      "value" : 71.0
    },
    {
      "city" : 8,
      "weight" : 908.0,
      "value" : 912.0
    },
    {
      "city" : 8,
      "weight" : 808.0,
      "value" : 474.0
    },
    {
      "city" : 8,
      "weight" : 70.0,
      "value" : 142.0
    },
    {
      "city" : 8,
      "weight" : 510.0,
      "value" : 364.0
    },
    {
      "city" : 8,
      "weight" : 473.0,
      "value" : 543.0
    },
    {
      "city" : 8,
      "weight" : 595.0,
      "value" : 870.0
    },
    {
      "city" : 9,
      "weight" : 192.0,
      "value" : 272.0
    },
    {
      "city" : 9,
      "weight" : 314.0,
      "value" : 244.0
    },
    {
      "city" : 9,
      "weight" : 497.0,
      "value" : 653.0
    },
    {
      "city" : 9,
      "weight" : 610.0,
      "value" : 141.0
    },
    {
      "city" : 9,
      "weight" : 884.0,
      "value" : 768.0
    },
    {
      "city" : 9,
      "weight" : 209.0,
      "value" : 187.0
    },
    {
      "city" : 9,
      "weight" : 236.0,
      "value" : 486.0
    },
    {
      "city" : 9,
      "weight" : 52.0,
      "value" : 524.0
    },
    {
      "city" : 9,
      "weight" : 543.0,
      "value" : 463.0
    },
    {
      "city" : 9,
      "weight" : 983.0,
      "value" : 294.0
    },
    {
      "city" : 10,
      "weight" : 74.0,
      "value" : 237.0
    },
    {
      "city" : 10,
      "weight" : 961.0,
      "value" : 776.0
    },
    {
      "city" : 10,
      "weight" : 770.0,
      "value" : 222.0
    },
    {
      "city" : 10,
      "weight" : 464.0,
      "value" : 261.0
    },
    {
      "city" : 10,
      "weight" : 914.0,
      "value" : 724.0
    },
    {
      "city" : 10,
      "weight" : 31.0,
      "value" : 422.0
    },
    {
      "city" : 10,
      "weight" : 259.0,
      "value" : 328.0
    },
    {
      "city" : 10,
      "weight" : 62.0,
      "value" : 255.0
    },
    {
      "city" : 10,
      "weight" : 627.0,
      "value" : 133.0
    },
    {
      "city" : 10,
      "weight" : 254.0,
      "value" : 107.0
    },
    {
      "city" : 11,
      "weight" : 159.0,
      "value" : 358.0
    },
    {
      "city" : 11,
      "weight" : 571.0,
      "value" : 644.0
    },
    {
      "city" : 11,
      "weight" : 305.0,
      "value" : 975.0
    },
    {
      "city" : 11,
      "weight" : 902.0,
      "value" : 678.0
    },
    {
      "city" : 11,
      "weight" : 684.0,
      "value" : 552.0
    },
    {
      "city" : 11,
      "weight" : 228.0,
      "value" : 618.0
    },
    {
      "city" : 11,
      "weight" : 684.0,
      "value" : 799.0
    },
    {
      "city" : 11,
      "weight" : 706.0,
      "value" : 47.0
    },
    {
      "city" : 11,
      "weight" : 334.0,
      "value" : 546.0
    },
    {
      "city" : 11,
      "weight" : 339.0,
      "value" : 739.0
    },
    {
      "city" : 12,
      "weight" : 728.0,
      "value" : 503.0
    },
    {
      "city" : 12,
      "weight" : 822.0,
      "value" : 361.0
    },
    {
      "city" : 12,
      "weight" : 355.0,
      "value" : 955.0
    },
    {
      "city" : 12,
      "weight" : 103.0,
      "value" : 122.0
    },
    {
      "city" : 12,
      "weight" : 5.0,
      "value" : 706.0
    },
    {
      "city" : 12,
      "weight" : 620.0,
      "value" : 244.0
    },
    {
      "city" : 12,
      "weight" : 305.0,
      "value" : 807.0
    },
    {
      "city" : 12,
      "weight" : 430.0,
      "value" : 929.0
    },
    {
      "city" : 12,
      "weight" : 190.0,
      "value" : 525.0
    },
    {
      "city" : 12,
      "weight" : 614.0,
      "value" : 683.0
    },
    {
      "city" : 13,
      "weight" : 846.0,
      "value" : 262.0
    },
    {
      "city" : 13,
      "weight" : 418.0,
      "value" : 49.0
    },
    {
      "city" : 13,
      "weight" : 459.0,
      "value" : 257.0
    },
    {
      "city" : 13,
      "weight" : 815.0,
      "value" : 817.0
    },
    {
      "city" : 13,
      "weight" : 34.0,
      "value" : 287.0
    },
    {
      "city" : 13,
      "weight" : 549.0,
      "value" : 907.0
    },
    {
      "city" : 13,
      "weight" : 824.0,
      "value" : 831.0
    },
    {
      "city" : 13,
      "weight" : 465.0,
      "value" : 911.0
    },
    {
      "city" : 13,
      "weight" : 609.0,
      "value" : 624.0
    },
    {
      "city" : 13,
      "weight" : 709.0,
      "value" : 722.0
    },
    {
      "city" : 14,
      "weight" : 77.0,
      "value" : 776.0
    },
    {
      "city" : 14,
      "weight" : 24.0,
      "value" : 284.0
    },
    {
      "city" : 14,
      "weight" : 903.0,
      "value" : 492.0
    },
    {
      "city" : 14,
      "weight" : 885.0,
      "value" : 937.0
    },
    {
      "city" : 14,
      "weight" : 516.0,
      "value" : 517.0
    },
    {
      "city" : 14,
      "weight" : 740.0,
      "value" : 492.0
    },
    {
      "city" : 14,
      "weight" : 372.0,
      "value" : 380.0
    },
    {
      "city" : 14,
      "weight" : 135.0,
      "value" : 814.0
    },
    {
      "city" : 14,
      "weight" : 592.0,
      "value" : 957.0
    },
    {
      "city" : 14,
      "weight" : 110.0,
      "value" : 820.0
    },
    {
      "city" : 15,
      "weight" : 772.0,
      "value" : 496.0
    },
    {
      "city" : 15,
      "weight" : 886.0,
      "value" : 851.0
    },
    {
      "city" : 15,
      "weight" : 518.0,
      "value" : 923.0
    },
    {
      "city" : 15,
      "weight" : 350.0,
      "value" : 425.0
    },
    {
      "city" : 15,
      "weight" : 430.0,
      "value" : 376.0
    },
    {
      "city" : 15,
      "weight" : 613.0,
      "value" : 997.0
    },
    {
      "city" : 15,
      "weight" : 721.0,
      "value" : 221.0
    },
    {
      "city" : 15,
      "weight" : 754.0,
      "value" : 203.0
    },
    {
      "city" : 15,
      "weight" : 114.0,
      "value" : 313.0
    },
    {
      "city" : 15,
      "weight" : 639.0,
      "value" : 252.0
    },
    {
      "city" : 16,
      "weight" : 687.0,
      "value" : 957.0
    },
    {
      "city" : 16,
      "weight" : 270.0,
      "value" : 3.0
    },
    {
      "city" : 16,
      "weight" : 562.0,
      "value" : 645.0
    },
    {
      "city" : 16,
      "weight" : 973.0,
      "value" : 961.0
    },
    {
      "city" : 16,
      "weight" : 76.0,
      "value" : 165.0
    },
    {
      "city" : 16,
      "weight" : 615.0,
      "value" : 251.0
    },
    {
      "city" : 16,
      "weight" : 255.0,
      "value" : 639.0
    },
    {
      "city" : 16,
      "weight" : 126.0,
      "value" : 693.0
    },
    {
      "city" : 16,
      "weight" : 146.0,
      "value" : 101.0
    },
    {
      "city" : 16,
      "weight" : 890.0,
      "value" : 0.0
    },
    {
      "city" : 17,
      "weight" : 731.0,
      "value" : 88.0
    },
    {
      "city" : 17,
      "weight" : 757.0,
      "value" : 460.0
    },
    {
      "city" : 17,
      "weight" : 373.0,
      "value" : 406.0
    },
    {
      "city" : 17,
      "weight" : 254.0,
      "value" : 956.0
    },
    {
      "city" : 17,
      "weight" : 659.0,
      "value" : 950.0
    },
    {
      "city" : 17,
      "weight" : 122.0,
      "value" : 678.0
    },
    {
      "city" : 17,
      "weight" : 209.0,
      "value" : 199.0
    },
    {
      "city" : 17,
      "weight" : 148.0,
      "value" : 919.0
    },
    {
      "city" : 17,
      "weight" : 156.0,
      "value" : 134.0
    },
    {
      "city" : 17,
      "weight" : 440.0,
      "value" : 213.0
    },
    {
      "city" : 18,
      "weight" : 387.0,
      "value" : 273.0
    },
    {
      "city" : 18,
      "weight" : 821.0,
      "value" : 344.0
    },
    {
      "city" : 18,
      "weight" : 462.0,
      "value" : 288.0
    },
    {
      "city" : 18,
      "weight" : 105.0,
      "value" : 834.0
    },
    {
      "city" : 18,
      "weight" : 78.0,
      "value" : 859.0
    },
    {
      "city" : 18,
      "weight" : 68.0,
      "value" : 745.0
    },
    {
      "city" : 18,
      "weight" : 445.0,
      "value" : 365.0
    },
    {
      "city" : 18,
      "weight" : 950.0,
      "value" : 81.0
    },
    {
      "city" : 18,
      "weight" : 100.0,
      "value" : 265.0
    },
    {
      "city" : 18,
      "weight" : 55.0,
      "value" : 380.0
    },
    {
      "city" : 19,
      "weight" : 430.0,
      "value" : 837.0
    },
    {
      "city" : 19,
      "weight" : 58.0,
      "value" : 692.0
    },
    {
      "city" : 19,
      "weight" : 84.0,
      "value" : 203.0
    },
    {
      "city" : 19,
      "weight" : 214.0,
      "value" : 588.0
    },
    {
      "city" : 19,
      "weight" : 654.0,
      "value" : 653.0
    },
    {
      "city" : 19,
      "weight" : 240.0,
      "value" : 508.0
    },
    {
      "city" : 19,
      "weight" : 911.0,
      "value" : 297.0
    },
    {
      "city" : 19,
      "weight" : 548.0,
      "value" : 576.0
    },
    {
      "city" : 19,
      "weight" : 620.0,
      "value" : 198.0
    },
    {
      "city" : 19,
      "weight" : 102.0,
      "value" : 713.0
    }
  ]
}